"AUC","Brier","model","EPV","P","rho","beta_pattern","sim"
0.705627368474275,0.24826289091958,"MLE",5,4,0,"equal",1
0.647871978552265,0.243219439505402,"MLE",5,4,0,"equal",2
0.730624672876918,0.218022581915009,"MLE",5,4,0,"equal",3
0.676737056758682,0.257328595334702,"MLE",5,4,0,"equal",4
0.70566048,0.217879312024838,"MLE",5,4,0,"equal",5
0.695162452326346,0.258659496239505,"MLE",5,4,0,"equal",6
0.700006163550205,0.237626308146185,"MLE",5,4,0,"equal",7
0.714376839275719,0.221662210962036,"MLE",5,4,0,"equal",8
0.687984687448748,0.230236900619336,"MLE",5,4,0,"equal",9
0.713900513900514,0.241727136955899,"MLE",5,4,0,"equal",10
0.73567989739339,0.237862872658839,"MLE",5,4,0,"strong",1
0.728972949158918,0.21142531311669,"MLE",5,4,0,"strong",2
0.73546086049343,0.211285562919458,"MLE",5,4,0,"strong",3
0.68074372975495,0.242329362676899,"MLE",5,4,0,"strong",4
0.655756396489461,0.280556009427445,"MLE",5,4,0,"strong",5
0.667729333233331,0.230494940466201,"MLE",5,4,0,"strong",6
0.725921007219106,0.217858294204976,"MLE",5,4,0,"strong",7
0.728420465523699,0.217005802411728,"MLE",5,4,0,"strong",8
0.665781866525099,0.258583072532839,"MLE",5,4,0,"strong",9
0.736981604483945,0.211751844951087,"MLE",5,4,0,"strong",10
0.585105875681045,0.298496361043201,"MLE",5,4,0,"noise",1
0.612618261299446,0.251262179082257,"MLE",5,4,0,"noise",2
0.615520260598817,0.252254954444469,"MLE",5,4,0,"noise",3
0.573145911461784,0.273326641836795,"MLE",5,4,0,"noise",4
0.634623875365627,0.259193742575914,"MLE",5,4,0,"noise",5
0.565717592292587,0.260927741994584,"MLE",5,4,0,"noise",6
0.611960474263083,0.274236057202911,"MLE",5,4,0,"noise",7
0.594131272630046,0.27042385443823,"MLE",5,4,0,"noise",8
0.61565963078998,0.254730718382619,"MLE",5,4,0,"noise",9
0.573742660394694,0.280445124741383,"MLE",5,4,0,"noise",10
0.593128969551834,0.258064803204085,"MLE",5,4,0,"halfnoise",1
0.566118219499802,0.283548537667115,"MLE",5,4,0,"halfnoise",2
0.550467161868648,0.277141967559425,"MLE",5,4,0,"halfnoise",3
0.607455418943213,0.270214202208555,"MLE",5,4,0,"halfnoise",4
0.531860038364734,0.304694705603596,"MLE",5,4,0,"halfnoise",5
0.585554674886811,0.274946294108426,"MLE",5,4,0,"halfnoise",6
0.59917699513056,0.286639391183204,"MLE",5,4,0,"halfnoise",7
0.501919063761365,0.270916736931411,"MLE",5,4,0,"halfnoise",8
0.588129890938345,0.252129138462772,"MLE",5,4,0,"halfnoise",9
0.580263583210543,0.284771206244987,"MLE",5,4,0,"halfnoise",10
0.813991649743471,0.182437629653799,"MLE",5,4,0.5,"equal",1
0.719758225565605,0.215973056041379,"MLE",5,4,0.5,"equal",2
0.821884212916578,0.172753263523862,"MLE",5,4,0.5,"equal",3
0.777949465981013,0.20514941060946,"MLE",5,4,0.5,"equal",4
0.811890245452559,0.182483425417677,"MLE",5,4,0.5,"equal",5
0.806283780316209,0.183929384968237,"MLE",5,4,0.5,"equal",6
0.821645240573457,0.178975603022557,"MLE",5,4,0.5,"equal",7
0.80714975439607,0.183192925631229,"MLE",5,4,0.5,"equal",8
0.748741390132499,0.210306399664069,"MLE",5,4,0.5,"equal",9
0.753882993882994,0.247253601533797,"MLE",5,4,0.5,"equal",10
0.783049338465794,0.194075005093068,"MLE",5,4,0.5,"strong",1
0.76707933370412,0.20115979045299,"MLE",5,4,0.5,"strong",2
0.777760216653866,0.196307927677264,"MLE",5,4,0.5,"strong",3
0.749693712943146,0.244123533958806,"MLE",5,4,0.5,"strong",4
0.752347628554344,0.203746197040426,"MLE",5,4,0.5,"strong",5
0.78913447591649,0.19208984301041,"MLE",5,4,0.5,"strong",6
0.757794639959182,0.207328937476809,"MLE",5,4,0.5,"strong",7
0.780243138203972,0.193572173129006,"MLE",5,4,0.5,"strong",8
0.772391452211766,0.194292264381704,"MLE",5,4,0.5,"strong",9
0.770569001941225,0.210642004979354,"MLE",5,4,0.5,"strong",10
0.597504897544078,0.276730459303735,"MLE",5,4,0.5,"noise",1
0.662246454539578,0.24261796272845,"MLE",5,4,0.5,"noise",2
0.677433994265719,0.264627995367577,"MLE",5,4,0.5,"noise",3
0.651727977551302,0.235020089378736,"MLE",5,4,0.5,"noise",4
0.683772140193395,0.230412524017702,"MLE",5,4,0.5,"noise",5
0.54260445401892,0.268067606063168,"MLE",5,4,0.5,"noise",6
0.599845796761284,0.255303140951132,"MLE",5,4,0.5,"noise",7
0.599243367253325,0.298989263938209,"MLE",5,4,0.5,"noise",8
0.628260120136307,0.249799455432619,"MLE",5,4,0.5,"noise",9
0.665078573243204,0.250794928027181,"MLE",5,4,0.5,"noise",10
0.631939602966634,0.24246155557212,"MLE",5,4,0.5,"halfnoise",1
0.610877747902451,0.253087125809402,"MLE",5,4,0.5,"halfnoise",2
0.581417421742174,0.261427792132867,"MLE",5,4,0.5,"halfnoise",3
0.62168470813527,0.250381394627489,"MLE",5,4,0.5,"halfnoise",4
0.600371569670173,0.244446237967421,"MLE",5,4,0.5,"halfnoise",5
0.512107915501431,0.289968831008213,"MLE",5,4,0.5,"halfnoise",6
0.610318060355863,0.255441205569129,"MLE",5,4,0.5,"halfnoise",7
0.602260320148679,0.265617600330543,"MLE",5,4,0.5,"halfnoise",8
0.575707358642294,0.283815162764857,"MLE",5,4,0.5,"halfnoise",9
0.611111417795492,0.255652283000677,"MLE",5,4,0.5,"halfnoise",10
0.724003654264703,0.221750812782297,"MLE",5,8,0,"equal",1
0.766209170070844,0.203559539737882,"MLE",5,8,0,"equal",2
0.78502396173802,0.20230932964886,"MLE",5,8,0,"equal",3
0.774087835394518,0.200348751860202,"MLE",5,8,0,"equal",4
0.773220358428491,0.206252801079837,"MLE",5,8,0,"equal",5
0.725341995897341,0.220674733181122,"MLE",5,8,0,"equal",6
0.731965657981793,0.216545254691522,"MLE",5,8,0,"equal",7
0.732419405579846,0.219147983492985,"MLE",5,8,0,"equal",8
0.75062828251313,0.218714817428793,"MLE",5,8,0,"equal",9
0.778255472036065,0.197350897997802,"MLE",5,8,0,"equal",10
0.724741658013567,0.223771597234509,"MLE",5,8,0,"strong",1
0.749193430478093,0.207514538209999,"MLE",5,8,0,"strong",2
0.74806012977645,0.211527449685145,"MLE",5,8,0,"strong",3
0.734945974246638,0.221790290587722,"MLE",5,8,0,"strong",4
0.725951337671589,0.23848372999579,"MLE",5,8,0,"strong",5
0.754838654951173,0.205206705761597,"MLE",5,8,0,"strong",6
0.724109642160028,0.215931355015027,"MLE",5,8,0,"strong",7
0.684679404679405,0.243005609230485,"MLE",5,8,0,"strong",8
0.749604736703343,0.213308387768099,"MLE",5,8,0,"strong",9
0.728335214184192,0.210628484218756,"MLE",5,8,0,"strong",10
0.642002848011392,0.23438569813446,"MLE",5,8,0,"noise",1
0.638252265450852,0.257988248098465,"MLE",5,8,0,"noise",2
0.648939680457124,0.235399763470154,"MLE",5,8,0,"noise",3
0.627271681426266,0.265503287224918,"MLE",5,8,0,"noise",4
0.673899893742623,0.234368366182977,"MLE",5,8,0,"noise",5
0.668864999139969,0.247313707808943,"MLE",5,8,0,"noise",6
0.656283460535369,0.241567281307061,"MLE",5,8,0,"noise",7
0.655451061592459,0.254606121358847,"MLE",5,8,0,"noise",8
0.628587234893958,0.251944460497706,"MLE",5,8,0,"noise",9
0.666294146651766,0.236522220457654,"MLE",5,8,0,"noise",10
0.634079849076383,0.247867496012389,"MLE",5,8,0,"halfnoise",1
0.615646560191584,0.270349651298856,"MLE",5,8,0,"halfnoise",2
0.582947673200645,0.255738136832775,"MLE",5,8,0,"halfnoise",3
0.596960086254577,0.300416929326875,"MLE",5,8,0,"halfnoise",4
0.640185862429738,0.247391876947098,"MLE",5,8,0,"halfnoise",5
0.513672038750943,0.264236582221367,"MLE",5,8,0,"halfnoise",6
0.623356304458919,0.240001122358894,"MLE",5,8,0,"halfnoise",7
0.589756423910598,0.265855891867805,"MLE",5,8,0,"halfnoise",8
0.625756561936799,0.254897709514993,"MLE",5,8,0,"halfnoise",9
0.61335257291082,0.289999782170169,"MLE",5,8,0,"halfnoise",10
0.889254196594621,0.135824505022086,"MLE",5,8,0.5,"equal",1
0.88334007627222,0.142010605591295,"MLE",5,8,0.5,"equal",2
0.884675027373266,0.152178143818925,"MLE",5,8,0.5,"equal",3
0.907065058890791,0.124132616617192,"MLE",5,8,0.5,"equal",4
0.886286385239474,0.138766982902987,"MLE",5,8,0.5,"equal",5
0.891037388779073,0.152853248668236,"MLE",5,8,0.5,"equal",6
0.904267028645218,0.132017888950566,"MLE",5,8,0.5,"equal",7
0.877420041548827,0.155543738885808,"MLE",5,8,0.5,"equal",8
0.879299016087699,0.147244562825531,"MLE",5,8,0.5,"equal",9
0.897096467411685,0.130684764495687,"MLE",5,8,0.5,"equal",10
0.820935443741775,0.199498064057111,"MLE",5,8,0.5,"strong",1
0.775644481225236,0.228808808970039,"MLE",5,8,0.5,"strong",2
0.840743485552766,0.16950424817796,"MLE",5,8,0.5,"strong",3
0.833236612575043,0.175403005117237,"MLE",5,8,0.5,"strong",4
0.836034579634214,0.165385368525762,"MLE",5,8,0.5,"strong",5
0.818241018241018,0.199637604534577,"MLE",5,8,0.5,"strong",6
0.830860425863661,0.169988114959554,"MLE",5,8,0.5,"strong",7
0.802083088730187,0.186334794801743,"MLE",5,8,0.5,"strong",8
0.779670308131093,0.207732551525366,"MLE",5,8,0.5,"strong",9
0.807222103800319,0.196432764027872,"MLE",5,8,0.5,"strong",10
0.720926850183717,0.224519139312534,"MLE",5,8,0.5,"noise",1
0.793981014784946,0.200118452456042,"MLE",5,8,0.5,"noise",2
0.81434413737655,0.177673650617314,"MLE",5,8,0.5,"noise",3
0.768614061821968,0.205839985956982,"MLE",5,8,0.5,"noise",4
0.786020985610375,0.19463765585044,"MLE",5,8,0.5,"noise",5
0.792983802744447,0.187917889526868,"MLE",5,8,0.5,"noise",6
0.81029766589861,0.18491295675171,"MLE",5,8,0.5,"noise",7
0.792377632377632,0.186727179567738,"MLE",5,8,0.5,"noise",8
0.807894533890061,0.183444260251415,"MLE",5,8,0.5,"noise",9
0.767738401354858,0.199851932643477,"MLE",5,8,0.5,"noise",10
0.689262603993173,0.232185029014001,"MLE",5,8,0.5,"halfnoise",1
0.675420169538146,0.235342392112365,"MLE",5,8,0.5,"halfnoise",2
0.680269085475445,0.249910681800855,"MLE",5,8,0.5,"halfnoise",3
0.672342961197981,0.231589717620983,"MLE",5,8,0.5,"halfnoise",4
0.707623813279556,0.218479814574534,"MLE",5,8,0.5,"halfnoise",5
0.699021925577344,0.233098631026058,"MLE",5,8,0.5,"halfnoise",6
0.708782570350421,0.218442509794641,"MLE",5,8,0.5,"halfnoise",7
0.64498489897565,0.269745822747491,"MLE",5,8,0.5,"halfnoise",8
0.673364935355863,0.231317309219613,"MLE",5,8,0.5,"halfnoise",9
0.695234410237957,0.230904521696159,"MLE",5,8,0.5,"halfnoise",10
0.82947895177462,0.175423932449039,"MLE",5,12,0,"equal",1
0.789107279130173,0.204443255888383,"MLE",5,12,0,"equal",2
0.81494474729353,0.186927290769269,"MLE",5,12,0,"equal",3
0.776874898073528,0.198748351782138,"MLE",5,12,0,"equal",4
0.821853485986231,0.176358009816505,"MLE",5,12,0,"equal",5
0.805075561208979,0.18789782634568,"MLE",5,12,0,"equal",6
0.807024473986087,0.183178188184947,"MLE",5,12,0,"equal",7
0.803263206368855,0.187766856254337,"MLE",5,12,0,"equal",8
0.794895898600376,0.191100033251704,"MLE",5,12,0,"equal",9
0.812356084453965,0.183279879079681,"MLE",5,12,0,"equal",10
0.74309197782251,0.218681378644805,"MLE",5,12,0,"strong",1
0.734009974923475,0.223717305730526,"MLE",5,12,0,"strong",2
0.744122977106794,0.212941213738162,"MLE",5,12,0,"strong",3
0.703017009377974,0.222725768146786,"MLE",5,12,0,"strong",4
0.669314920953372,0.242383611057802,"MLE",5,12,0,"strong",5
0.693628428710206,0.236036552134505,"MLE",5,12,0,"strong",6
0.736642348462047,0.21509145778002,"MLE",5,12,0,"strong",7
0.76250951494735,0.209406975963837,"MLE",5,12,0,"strong",8
0.729463702502421,0.231686204813507,"MLE",5,12,0,"strong",9
0.734327267295763,0.20850471431312,"MLE",5,12,0,"strong",10
0.715678611089808,0.220036857274759,"MLE",5,12,0,"noise",1
0.685541321539744,0.237446828760673,"MLE",5,12,0,"noise",2
0.717489594798335,0.218986423491709,"MLE",5,12,0,"noise",3
0.703698059248196,0.220295710945728,"MLE",5,12,0,"noise",4
0.706808655262264,0.224338754172495,"MLE",5,12,0,"noise",5
0.691811119010234,0.231937329142551,"MLE",5,12,0,"noise",6
0.665754020497179,0.251824775406434,"MLE",5,12,0,"noise",7
0.706056510492376,0.221141454257306,"MLE",5,12,0,"noise",8
0.71738040486229,0.220964859401659,"MLE",5,12,0,"noise",9
0.689819606566583,0.24413807284853,"MLE",5,12,0,"noise",10
0.595161042317779,0.255282967506439,"MLE",5,12,0,"halfnoise",1
0.655708344913335,0.242029958739297,"MLE",5,12,0,"halfnoise",2
0.633164451452823,0.249235649199371,"MLE",5,12,0,"halfnoise",3
0.606039146814718,0.258606357745054,"MLE",5,12,0,"halfnoise",4
0.647894964218712,0.240768397178108,"MLE",5,12,0,"halfnoise",5
0.664676154138591,0.237544684594564,"MLE",5,12,0,"halfnoise",6
0.664705298322665,0.243036135445942,"MLE",5,12,0,"halfnoise",7
0.594832746660919,0.265092936236252,"MLE",5,12,0,"halfnoise",8
0.666592556771773,0.244084111402628,"MLE",5,12,0,"halfnoise",9
0.627618582633266,0.245794077223918,"MLE",5,12,0,"halfnoise",10
0.947331097573247,0.0929003781392996,"MLE",5,12,0.5,"equal",1
0.925014952344502,0.124531633794275,"MLE",5,12,0.5,"equal",2
0.937021001454191,0.110653300752261,"MLE",5,12,0.5,"equal",3
0.947519486412471,0.0948333769878847,"MLE",5,12,0.5,"equal",4
0.933741042119081,0.111637479568557,"MLE",5,12,0.5,"equal",5
0.931065576652468,0.116210843327602,"MLE",5,12,0.5,"equal",6
0.921330341285461,0.123256048602541,"MLE",5,12,0.5,"equal",7
0.935896439757579,0.111865670406553,"MLE",5,12,0.5,"equal",8
0.937477589996414,0.105207601891317,"MLE",5,12,0.5,"equal",9
0.937122088171813,0.122909605589103,"MLE",5,12,0.5,"equal",10
0.823540388270858,0.182162969122038,"MLE",5,12,0.5,"strong",1
0.83033623033623,0.184984106307349,"MLE",5,12,0.5,"strong",2
0.872758587737824,0.1477636369581,"MLE",5,12,0.5,"strong",3
0.868807454425371,0.154486589730973,"MLE",5,12,0.5,"strong",4
0.838144573924326,0.175772380989698,"MLE",5,12,0.5,"strong",5
0.878453780552605,0.145658197804328,"MLE",5,12,0.5,"strong",6
0.870205050682148,0.146990157611923,"MLE",5,12,0.5,"strong",7
0.862821181615992,0.153966711373186,"MLE",5,12,0.5,"strong",8
0.867972008033362,0.162046459387073,"MLE",5,12,0.5,"strong",9
0.864133918530651,0.15969078537714,"MLE",5,12,0.5,"strong",10
0.867698012131749,0.154408882927854,"MLE",5,12,0.5,"noise",1
0.844724622455301,0.168935633338558,"MLE",5,12,0.5,"noise",2
0.852848959355971,0.162155155535818,"MLE",5,12,0.5,"noise",3
0.884676014721653,0.147775914834163,"MLE",5,12,0.5,"noise",4
0.87266698669867,0.145290049021282,"MLE",5,12,0.5,"noise",5
0.857600028422741,0.157270833751518,"MLE",5,12,0.5,"noise",6
0.870050513273583,0.151019860118807,"MLE",5,12,0.5,"noise",7
0.850780607447744,0.16548203928593,"MLE",5,12,0.5,"noise",8
0.852386748464648,0.159994707494153,"MLE",5,12,0.5,"noise",9
0.860055315081868,0.158632350816374,"MLE",5,12,0.5,"noise",10
0.723747086423085,0.224241704936107,"MLE",5,12,0.5,"halfnoise",1
0.7401434722594,0.213529299958912,"MLE",5,12,0.5,"halfnoise",2
0.738489185856107,0.214362780599638,"MLE",5,12,0.5,"halfnoise",3
0.783962768906387,0.197192173075752,"MLE",5,12,0.5,"halfnoise",4
0.700056876013171,0.240323921980204,"MLE",5,12,0.5,"halfnoise",5
0.782072622072622,0.190634968208855,"MLE",5,12,0.5,"halfnoise",6
0.763678035394265,0.198892163203105,"MLE",5,12,0.5,"halfnoise",7
0.745905517379531,0.209327356974905,"MLE",5,12,0.5,"halfnoise",8
0.76923077230792,0.214616197566365,"MLE",5,12,0.5,"halfnoise",9
0.769162409162409,0.196533000497068,"MLE",5,12,0.5,"halfnoise",10
0.72236699097935,0.215740580550189,"MLE",10,4,0,"equal",1
0.738893832892053,0.209797676400691,"MLE",10,4,0,"equal",2
0.681881971542986,0.225739366325933,"MLE",10,4,0,"equal",3
0.733624552678421,0.210174352813163,"MLE",10,4,0,"equal",4
0.719466965463139,0.214503841347684,"MLE",10,4,0,"equal",5
0.740841562939975,0.216043886718829,"MLE",10,4,0,"equal",6
0.735560784264783,0.211864736892384,"MLE",10,4,0,"equal",7
0.712906678769729,0.230487601049598,"MLE",10,4,0,"equal",8
0.733925513411767,0.214940078647792,"MLE",10,4,0,"equal",9
0.675157978854856,0.227841920175991,"MLE",10,4,0,"equal",10
0.728518155028849,0.217353472008572,"MLE",10,4,0,"strong",1
0.744270009067376,0.207239554151836,"MLE",10,4,0,"strong",2
0.742527699487249,0.207390298818741,"MLE",10,4,0,"strong",3
0.743218066829644,0.21102860275408,"MLE",10,4,0,"strong",4
0.687220267488811,0.223944197721155,"MLE",10,4,0,"strong",5
0.686931472668058,0.244159057153245,"MLE",10,4,0,"strong",6
0.718611887674727,0.216508076798626,"MLE",10,4,0,"strong",7
0.74480468,0.206984034607644,"MLE",10,4,0,"strong",8
0.744816147669409,0.220272667911905,"MLE",10,4,0,"strong",9
0.733990677438508,0.211897435340674,"MLE",10,4,0,"strong",10
0.547600321038845,0.253945020426664,"MLE",10,4,0,"noise",1
0.621830369658989,0.254805342128542,"MLE",10,4,0,"noise",2
0.619946110835709,0.249001031913918,"MLE",10,4,0,"noise",3
0.627952081889332,0.24298615159928,"MLE",10,4,0,"noise",4
0.628393634004075,0.249873852688904,"MLE",10,4,0,"noise",5
0.580184572829532,0.275215768632872,"MLE",10,4,0,"noise",6
0.557670714886107,0.25370870681791,"MLE",10,4,0,"noise",7
0.537770380312139,0.266866533927545,"MLE",10,4,0,"noise",8
0.619278716917137,0.240924019308515,"MLE",10,4,0,"noise",9
0.61463393346287,0.247807422956036,"MLE",10,4,0,"noise",10
0.592272435850769,0.249641875232916,"MLE",10,4,0,"halfnoise",1
0.586786339073794,0.247080046374368,"MLE",10,4,0,"halfnoise",2
0.525065424167486,0.262582124464095,"MLE",10,4,0,"halfnoise",3
0.598928733218331,0.256649033250508,"MLE",10,4,0,"halfnoise",4
0.582536645175247,0.255030067764427,"MLE",10,4,0,"halfnoise",5
0.561607240181004,0.25762711946721,"MLE",10,4,0,"halfnoise",6
0.59842118543415,0.242310533471098,"MLE",10,4,0,"halfnoise",7
0.602335234654657,0.251251639699531,"MLE",10,4,0,"halfnoise",8
0.588937228937229,0.247712211083298,"MLE",10,4,0,"halfnoise",9
0.627454291807622,0.248870696031771,"MLE",10,4,0,"halfnoise",10
0.786370661286496,0.208404283348464,"MLE",10,4,0.5,"equal",1
0.815254700672522,0.200859613744684,"MLE",10,4,0.5,"equal",2
0.805612962976001,0.182625653352827,"MLE",10,4,0.5,"equal",3
0.791138325777963,0.200019701445414,"MLE",10,4,0.5,"equal",4
0.822348705212685,0.176874038674903,"MLE",10,4,0.5,"equal",5
0.803478536905054,0.187451321478976,"MLE",10,4,0.5,"equal",6
0.808698430919877,0.178676327263209,"MLE",10,4,0.5,"equal",7
0.786612807044407,0.18926303868444,"MLE",10,4,0.5,"equal",8
0.80906328,0.178942684959867,"MLE",10,4,0.5,"equal",9
0.807949563914677,0.181928432483758,"MLE",10,4,0.5,"equal",10
0.772870336899024,0.195424238643937,"MLE",10,4,0.5,"strong",1
0.77677236247383,0.202969596876874,"MLE",10,4,0.5,"strong",2
0.748383584762815,0.207250797119391,"MLE",10,4,0.5,"strong",3
0.793627779985143,0.185567567063167,"MLE",10,4,0.5,"strong",4
0.767040090905658,0.196703263094845,"MLE",10,4,0.5,"strong",5
0.774505030340773,0.202281056983658,"MLE",10,4,0.5,"strong",6
0.760780860359913,0.20765730031757,"MLE",10,4,0.5,"strong",7
0.785601213286693,0.189116551730662,"MLE",10,4,0.5,"strong",8
0.772178607748781,0.200271322100222,"MLE",10,4,0.5,"strong",9
0.780476687627002,0.19509073757076,"MLE",10,4,0.5,"strong",10
0.651605753771848,0.232770740999881,"MLE",10,4,0.5,"noise",1
0.67307872230834,0.229316939756201,"MLE",10,4,0.5,"noise",2
0.671669784389682,0.242532618724812,"MLE",10,4,0.5,"noise",3
0.602093002093002,0.258313220140041,"MLE",10,4,0.5,"noise",4
0.680040572879523,0.250104165629322,"MLE",10,4,0.5,"noise",5
0.629737327626469,0.240101672965338,"MLE",10,4,0.5,"noise",6
0.684799737785959,0.22646342572339,"MLE",10,4,0.5,"noise",7
0.666786509662742,0.230185149993275,"MLE",10,4,0.5,"noise",8
0.680825896776064,0.225409882972097,"MLE",10,4,0.5,"noise",9
0.62330737951591,0.245259542396438,"MLE",10,4,0.5,"noise",10
0.607265383281333,0.246894726450415,"MLE",10,4,0.5,"halfnoise",1
0.57692199690908,0.281537673491596,"MLE",10,4,0.5,"halfnoise",2
0.572680411773193,0.258352558839416,"MLE",10,4,0.5,"halfnoise",3
0.627818599817698,0.248983973991981,"MLE",10,4,0.5,"halfnoise",4
0.602105235788488,0.244114821846541,"MLE",10,4,0.5,"halfnoise",5
0.504714148613984,0.258410455664019,"MLE",10,4,0.5,"halfnoise",6
0.607620649024498,0.267080475666381,"MLE",10,4,0.5,"halfnoise",7
0.572014468130213,0.255355790836925,"MLE",10,4,0.5,"halfnoise",8
0.579863624639092,0.256997381077767,"MLE",10,4,0.5,"halfnoise",9
0.591924692698304,0.259135287754034,"MLE",10,4,0.5,"halfnoise",10
0.774310768796919,0.194187970705575,"MLE",10,8,0,"equal",1
0.771968310859191,0.19657621415171,"MLE",10,8,0,"equal",2
0.78831516278135,0.195508461237441,"MLE",10,8,0,"equal",3
0.772055335968379,0.198895143942044,"MLE",10,8,0,"equal",4
0.777225599801216,0.195397490970679,"MLE",10,8,0,"equal",5
0.778816476793692,0.204735767987315,"MLE",10,8,0,"equal",6
0.751872326576381,0.205610885328032,"MLE",10,8,0,"equal",7
0.788484714083472,0.190626224965109,"MLE",10,8,0,"equal",8
0.789181594939269,0.189784061296402,"MLE",10,8,0,"equal",9
0.789104336310244,0.191062645657165,"MLE",10,8,0,"equal",10
0.749658670848602,0.203500042130734,"MLE",10,8,0,"strong",1
0.758164910181787,0.199841051525619,"MLE",10,8,0,"strong",2
0.754201258352261,0.203791482470552,"MLE",10,8,0,"strong",3
0.735463427724343,0.210828129093505,"MLE",10,8,0,"strong",4
0.737460869843479,0.213374534247952,"MLE",10,8,0,"strong",5
0.72622386489546,0.218129010439256,"MLE",10,8,0,"strong",6
0.730313722734069,0.216606231058664,"MLE",10,8,0,"strong",7
0.746299696567618,0.216289022135014,"MLE",10,8,0,"strong",8
0.759418208323351,0.199255037340356,"MLE",10,8,0,"strong",9
0.74190192172299,0.208649695136062,"MLE",10,8,0,"strong",10
0.672441274570378,0.233546796811433,"MLE",10,8,0,"noise",1
0.67620658370269,0.235572343311363,"MLE",10,8,0,"noise",2
0.691269596234501,0.22422102270224,"MLE",10,8,0,"noise",3
0.694746321738813,0.232571764078737,"MLE",10,8,0,"noise",4
0.676267881144393,0.229590154730368,"MLE",10,8,0,"noise",5
0.680361969049226,0.228009916434809,"MLE",10,8,0,"noise",6
0.669845202050778,0.228724809832873,"MLE",10,8,0,"noise",7
0.652840341781874,0.237805554858055,"MLE",10,8,0,"noise",8
0.688714454047321,0.22775436507583,"MLE",10,8,0,"noise",9
0.687696380830926,0.230088117081405,"MLE",10,8,0,"noise",10
0.65156529633106,0.232820235102129,"MLE",10,8,0,"halfnoise",1
0.640864605520511,0.234890405041259,"MLE",10,8,0,"halfnoise",2
0.58489862395884,0.249246429703112,"MLE",10,8,0,"halfnoise",3
0.605601543976655,0.244246785943365,"MLE",10,8,0,"halfnoise",4
0.620280603586402,0.245474388884445,"MLE",10,8,0,"halfnoise",5
0.595453865196294,0.252060489519389,"MLE",10,8,0,"halfnoise",6
0.629300784640555,0.25557929207878,"MLE",10,8,0,"halfnoise",7
0.620371207054741,0.258259513789078,"MLE",10,8,0,"halfnoise",8
0.637216694609741,0.237615947797795,"MLE",10,8,0,"halfnoise",9
0.641259254590907,0.239200581593822,"MLE",10,8,0,"halfnoise",10
0.900772387541437,0.128383336217067,"MLE",10,8,0.5,"equal",1
0.907009572012807,0.12651521323747,"MLE",10,8,0.5,"equal",2
0.91205755894946,0.122070211432433,"MLE",10,8,0.5,"equal",3
0.913208148797164,0.120997191974752,"MLE",10,8,0.5,"equal",4
0.909605449961511,0.13118998873983,"MLE",10,8,0.5,"equal",5
0.911314372716643,0.123946503783597,"MLE",10,8,0.5,"equal",6
0.913481991973754,0.132073057469427,"MLE",10,8,0.5,"equal",7
0.909250607330219,0.123163871345287,"MLE",10,8,0.5,"equal",8
0.91683572219096,0.123020066522491,"MLE",10,8,0.5,"equal",9
0.896364362691171,0.136131293877204,"MLE",10,8,0.5,"equal",10
0.843954163954164,0.164044565360172,"MLE",10,8,0.5,"strong",1
0.826079956499059,0.17490890044286,"MLE",10,8,0.5,"strong",2
0.845568641884431,0.164112483457875,"MLE",10,8,0.5,"strong",3
0.837103240612057,0.173455652445955,"MLE",10,8,0.5,"strong",4
0.834821974344745,0.178713950359837,"MLE",10,8,0.5,"strong",5
0.844631484631485,0.162015117599986,"MLE",10,8,0.5,"strong",6
0.841937572798342,0.165641250345972,"MLE",10,8,0.5,"strong",7
0.845357761855907,0.161180372586882,"MLE",10,8,0.5,"strong",8
0.843129974900796,0.163241563902294,"MLE",10,8,0.5,"strong",9
0.840672442945714,0.163372744191586,"MLE",10,8,0.5,"strong",10
0.818287490925999,0.174367365670275,"MLE",10,8,0.5,"noise",1
0.807647211954142,0.182021037201796,"MLE",10,8,0.5,"noise",2
0.800980119389671,0.183202042601395,"MLE",10,8,0.5,"noise",3
0.798572102392693,0.187233139051155,"MLE",10,8,0.5,"noise",4
0.807183869926588,0.180993183434048,"MLE",10,8,0.5,"noise",5
0.818299765802715,0.17804018650211,"MLE",10,8,0.5,"noise",6
0.809241121749576,0.180206658968255,"MLE",10,8,0.5,"noise",7
0.786014924312234,0.197030505535549,"MLE",10,8,0.5,"noise",8
0.813973572121944,0.178258089241861,"MLE",10,8,0.5,"noise",9
0.813673860852947,0.184759577701062,"MLE",10,8,0.5,"noise",10
0.700286930938173,0.220266208286678,"MLE",10,8,0.5,"halfnoise",1
0.688092450273789,0.227680923561596,"MLE",10,8,0.5,"halfnoise",2
0.697748436057101,0.226303843774722,"MLE",10,8,0.5,"halfnoise",3
0.702597215259509,0.227128975496981,"MLE",10,8,0.5,"halfnoise",4
0.717001353499545,0.21679665071935,"MLE",10,8,0.5,"halfnoise",5
0.730590268226493,0.211613187405845,"MLE",10,8,0.5,"halfnoise",6
0.708625149745725,0.22021808674491,"MLE",10,8,0.5,"halfnoise",7
0.692495178950077,0.223496133219275,"MLE",10,8,0.5,"halfnoise",8
0.663896622345958,0.233850578927725,"MLE",10,8,0.5,"halfnoise",9
0.707306012077221,0.219224131547095,"MLE",10,8,0.5,"halfnoise",10
0.820330606958449,0.173019606608298,"MLE",10,12,0,"equal",1
0.82741478329708,0.171357502707606,"MLE",10,12,0,"equal",2
0.823863549998328,0.17388895520864,"MLE",10,12,0,"equal",3
0.816937744955594,0.179798355076335,"MLE",10,12,0,"equal",4
0.829856851108385,0.169419174384336,"MLE",10,12,0,"equal",5
0.822503518976549,0.180303655100683,"MLE",10,12,0,"equal",6
0.817437562880943,0.178672390352095,"MLE",10,12,0,"equal",7
0.82589830939127,0.175214144046041,"MLE",10,12,0,"equal",8
0.793730772697473,0.189274603988076,"MLE",10,12,0,"equal",9
0.814610571495143,0.178423303057246,"MLE",10,12,0,"equal",10
0.737170327904387,0.208841111128044,"MLE",10,12,0,"strong",1
0.756594576882117,0.20414457701236,"MLE",10,12,0,"strong",2
0.741272324003641,0.206708726915142,"MLE",10,12,0,"strong",3
0.743349481693015,0.207662117576244,"MLE",10,12,0,"strong",4
0.747280750706691,0.20557563998868,"MLE",10,12,0,"strong",5
0.753365240538438,0.205933321454436,"MLE",10,12,0,"strong",6
0.745502151068129,0.206224606949691,"MLE",10,12,0,"strong",7
0.767785544859668,0.197237169430699,"MLE",10,12,0,"strong",8
0.753862488991746,0.204848440747104,"MLE",10,12,0,"strong",9
0.742958061972639,0.210735459088419,"MLE",10,12,0,"strong",10
0.719254914586813,0.215997275784278,"MLE",10,12,0,"noise",1
0.723040197788481,0.216974138652754,"MLE",10,12,0,"noise",2
0.730017810258709,0.223934454124903,"MLE",10,12,0,"noise",3
0.705897760178108,0.218523791940419,"MLE",10,12,0,"noise",4
0.730825956902509,0.220372691844703,"MLE",10,12,0,"noise",5
0.714921532153215,0.222263918318516,"MLE",10,12,0,"noise",6
0.726075732433742,0.213389416644807,"MLE",10,12,0,"noise",7
0.71975761031793,0.214422210449608,"MLE",10,12,0,"noise",8
0.719595859354004,0.217820897046712,"MLE",10,12,0,"noise",9
0.703903783337288,0.222675360392549,"MLE",10,12,0,"noise",10
0.654708502780244,0.24442866238558,"MLE",10,12,0,"halfnoise",1
0.666831600950021,0.247090503981909,"MLE",10,12,0,"halfnoise",2
0.656592557490935,0.234370569687329,"MLE",10,12,0,"halfnoise",3
0.65778444215926,0.236131720392212,"MLE",10,12,0,"halfnoise",4
0.666399556538253,0.233765658995711,"MLE",10,12,0,"halfnoise",5
0.68009305400598,0.231081021417076,"MLE",10,12,0,"halfnoise",6
0.663928653658735,0.235075035011784,"MLE",10,12,0,"halfnoise",7
0.635501510151015,0.240719990735788,"MLE",10,12,0,"halfnoise",8
0.682406558891145,0.227935744618113,"MLE",10,12,0,"halfnoise",9
0.650700313076057,0.233923231560522,"MLE",10,12,0,"halfnoise",10
0.940837484041469,0.0989011060291013,"MLE",10,12,0.5,"equal",1
0.949263493223912,0.0912622931961635,"MLE",10,12,0.5,"equal",2
0.937590926232555,0.103699969117334,"MLE",10,12,0.5,"equal",3
0.953543617357476,0.0925791070745045,"MLE",10,12,0.5,"equal",4
0.94711320389183,0.0939865457154866,"MLE",10,12,0.5,"equal",5
0.942984046218265,0.0963723271126189,"MLE",10,12,0.5,"equal",6
0.952618195183991,0.0890064789133059,"MLE",10,12,0.5,"equal",7
0.946996160196254,0.0995374767786987,"MLE",10,12,0.5,"equal",8
0.949184229918556,0.0942613914253278,"MLE",10,12,0.5,"equal",9
0.938334818406102,0.103566738351214,"MLE",10,12,0.5,"equal",10
0.882150115286005,0.140043925864729,"MLE",10,12,0.5,"strong",1
0.87302006372775,0.15029610489287,"MLE",10,12,0.5,"strong",2
0.880454362754165,0.147377079029255,"MLE",10,12,0.5,"strong",3
0.886964130050767,0.139450663388307,"MLE",10,12,0.5,"strong",4
0.884280447209469,0.141402248296619,"MLE",10,12,0.5,"strong",5
0.881896195553382,0.14007985847837,"MLE",10,12,0.5,"strong",6
0.878991482554549,0.141710972944794,"MLE",10,12,0.5,"strong",7
0.873613057808925,0.14812507224137,"MLE",10,12,0.5,"strong",8
0.872024000635976,0.148818183304808,"MLE",10,12,0.5,"strong",9
0.874890594470477,0.148642110794806,"MLE",10,12,0.5,"strong",10
0.877328205960207,0.144696689714615,"MLE",10,12,0.5,"noise",1
0.880540964809757,0.142705275846466,"MLE",10,12,0.5,"noise",2
0.875266048343276,0.145416780279928,"MLE",10,12,0.5,"noise",3
0.868277907790779,0.150889499342253,"MLE",10,12,0.5,"noise",4
0.881484803363433,0.140492296108337,"MLE",10,12,0.5,"noise",5
0.87906186245819,0.145792234092609,"MLE",10,12,0.5,"noise",6
0.87717691706703,0.143352705682316,"MLE",10,12,0.5,"noise",7
0.870508098291539,0.150249852815981,"MLE",10,12,0.5,"noise",8
0.869202725149405,0.147290243179128,"MLE",10,12,0.5,"noise",9
0.882191110406516,0.139904466423959,"MLE",10,12,0.5,"noise",10
0.78416564578761,0.198044457243762,"MLE",10,12,0.5,"halfnoise",1
0.794733352278109,0.18586820723873,"MLE",10,12,0.5,"halfnoise",2
0.790591992183742,0.186736221026478,"MLE",10,12,0.5,"halfnoise",3
0.775771522629319,0.195021336715609,"MLE",10,12,0.5,"halfnoise",4
0.783327845108536,0.189690846698402,"MLE",10,12,0.5,"halfnoise",5
0.778339028643594,0.197794241048288,"MLE",10,12,0.5,"halfnoise",6
0.751594721020621,0.209580405575593,"MLE",10,12,0.5,"halfnoise",7
0.759296169610798,0.205015538182869,"MLE",10,12,0.5,"halfnoise",8
0.770485271360187,0.201568192726259,"MLE",10,12,0.5,"halfnoise",9
0.792071740583306,0.193800138544761,"MLE",10,12,0.5,"halfnoise",10
0.736657661163722,0.209970327118376,"MLE",50,4,0,"equal",1
0.734023613588893,0.210945052819608,"MLE",50,4,0,"equal",2
0.737494941766107,0.207887248093475,"MLE",50,4,0,"equal",3
0.744010850595156,0.205605073007128,"MLE",50,4,0,"equal",4
0.731334736918235,0.210480791323177,"MLE",50,4,0,"equal",5
0.737669508542675,0.208322549254985,"MLE",50,4,0,"equal",6
0.739312198343704,0.207751117631318,"MLE",50,4,0,"equal",7
0.753766447444769,0.201478543973468,"MLE",50,4,0,"equal",8
0.736711098843843,0.207963594796451,"MLE",50,4,0,"equal",9
0.739068643780405,0.209211022485321,"MLE",50,4,0,"equal",10
0.751912951912952,0.202289766835784,"MLE",50,4,0,"strong",1
0.731594481008523,0.209239526173844,"MLE",50,4,0,"strong",2
0.751058355726814,0.202613987416145,"MLE",50,4,0,"strong",3
0.754917502530584,0.201385034088483,"MLE",50,4,0,"strong",4
0.7314075092563,0.209523761865805,"MLE",50,4,0,"strong",5
0.746908940157081,0.205113660879146,"MLE",50,4,0,"strong",6
0.752056901716363,0.202875625929454,"MLE",50,4,0,"strong",7
0.736402181388484,0.208623136821839,"MLE",50,4,0,"strong",8
0.744492667290046,0.204994161304662,"MLE",50,4,0,"strong",9
0.745203802177415,0.204881915756086,"MLE",50,4,0,"strong",10
0.628715347362124,0.237065950428094,"MLE",50,4,0,"noise",1
0.637242767996459,0.236785916323036,"MLE",50,4,0,"noise",2
0.625978071611764,0.238598533216695,"MLE",50,4,0,"noise",3
0.643148463574326,0.234410197130806,"MLE",50,4,0,"noise",4
0.637561409620363,0.239309735667272,"MLE",50,4,0,"noise",5
0.627774797700498,0.23818045419336,"MLE",50,4,0,"noise",6
0.630855140936823,0.239365913972397,"MLE",50,4,0,"noise",7
0.632397675873879,0.237741173903503,"MLE",50,4,0,"noise",8
0.626731845797246,0.241125322051281,"MLE",50,4,0,"noise",9
0.624666762593117,0.238662226042549,"MLE",50,4,0,"noise",10
0.615554295554296,0.247492264070117,"MLE",50,4,0,"halfnoise",1
0.612858026176002,0.240502501471849,"MLE",50,4,0,"halfnoise",2
0.612702425560355,0.240348314117884,"MLE",50,4,0,"halfnoise",3
0.603510315373422,0.241640852520306,"MLE",50,4,0,"halfnoise",4
0.59944563221728,0.242524890876871,"MLE",50,4,0,"halfnoise",5
0.604653871655646,0.242702619024344,"MLE",50,4,0,"halfnoise",6
0.582006632208899,0.244601930857909,"MLE",50,4,0,"halfnoise",7
0.599796610711943,0.242870111232618,"MLE",50,4,0,"halfnoise",8
0.597100855630803,0.245713366176489,"MLE",50,4,0,"halfnoise",9
0.595759492151874,0.246507070490669,"MLE",50,4,0,"halfnoise",10
0.818271137211442,0.174594366622001,"MLE",50,4,0.5,"equal",1
0.824660972373559,0.17102417342676,"MLE",50,4,0.5,"equal",2
0.822829400073012,0.172225179692911,"MLE",50,4,0.5,"equal",3
0.815415490466478,0.17701083468525,"MLE",50,4,0.5,"equal",4
0.814821855103185,0.176811648458107,"MLE",50,4,0.5,"equal",5
0.81745309713246,0.17576278708968,"MLE",50,4,0.5,"equal",6
0.816872687416747,0.174894507687479,"MLE",50,4,0.5,"equal",7
0.823938070662962,0.171725983149012,"MLE",50,4,0.5,"equal",8
0.816176017641189,0.175346636625284,"MLE",50,4,0.5,"equal",9
0.811075855689658,0.177643614298157,"MLE",50,4,0.5,"equal",10
0.79925040608104,0.182899589790314,"MLE",50,4,0.5,"strong",1
0.796069904202314,0.184671647357409,"MLE",50,4,0.5,"strong",2
0.789521646506847,0.187830694459205,"MLE",50,4,0.5,"strong",3
0.786110344441378,0.189449082685949,"MLE",50,4,0.5,"strong",4
0.78820060639604,0.187823432247283,"MLE",50,4,0.5,"strong",5
0.79627346584477,0.185695511126816,"MLE",50,4,0.5,"strong",6
0.797449893638899,0.183624136332214,"MLE",50,4,0.5,"strong",7
0.787477618829054,0.188227852579664,"MLE",50,4,0.5,"strong",8
0.793605362969872,0.185557443303494,"MLE",50,4,0.5,"strong",9
0.788235615129138,0.190614802870968,"MLE",50,4,0.5,"strong",10
0.692439015208478,0.221803728274781,"MLE",50,4,0.5,"noise",1
0.687156177267162,0.22369458263353,"MLE",50,4,0.5,"noise",2
0.685472585627694,0.224011874302264,"MLE",50,4,0.5,"noise",3
0.683000313313888,0.224225250442062,"MLE",50,4,0.5,"noise",4
0.678050171943014,0.225609054337923,"MLE",50,4,0.5,"noise",5
0.691855289067904,0.222473709379894,"MLE",50,4,0.5,"noise",6
0.687196825077183,0.223145388545433,"MLE",50,4,0.5,"noise",7
0.677588935571203,0.228526515710878,"MLE",50,4,0.5,"noise",8
0.686500255474377,0.223756806240238,"MLE",50,4,0.5,"noise",9
0.675785842072579,0.227864306716283,"MLE",50,4,0.5,"noise",10
0.642154162154162,0.237114162728397,"MLE",50,4,0.5,"halfnoise",1
0.627010990496124,0.237864472094903,"MLE",50,4,0.5,"halfnoise",2
0.634024529644734,0.236065854274393,"MLE",50,4,0.5,"halfnoise",3
0.644512239805336,0.234845714966374,"MLE",50,4,0.5,"halfnoise",4
0.630693384708706,0.237548940235729,"MLE",50,4,0.5,"halfnoise",5
0.641834253701481,0.235362842308794,"MLE",50,4,0.5,"halfnoise",6
0.612065611536488,0.241182944798269,"MLE",50,4,0.5,"halfnoise",7
0.632426590478138,0.236686564178651,"MLE",50,4,0.5,"halfnoise",8
0.63555812,0.236488738478288,"MLE",50,4,0.5,"halfnoise",9
0.617670618439604,0.239317487316426,"MLE",50,4,0.5,"halfnoise",10
0.793696197239866,0.187241707908033,"MLE",50,8,0,"equal",1
0.795779558695462,0.1845038939723,"MLE",50,8,0,"equal",2
0.798666878988102,0.183514342837478,"MLE",50,8,0,"equal",3
0.784193042188032,0.189874649331747,"MLE",50,8,0,"equal",4
0.792397772398536,0.186051904725925,"MLE",50,8,0,"equal",5
0.79792952687243,0.183480075559766,"MLE",50,8,0,"equal",6
0.795943710381606,0.184507669277228,"MLE",50,8,0,"equal",7
0.798096328395517,0.183761909729096,"MLE",50,8,0,"equal",8
0.799548119192475,0.183669060984697,"MLE",50,8,0,"equal",9
0.792235838969632,0.18650279934324,"MLE",50,8,0,"equal",10
0.758780223990229,0.199925473933707,"MLE",50,8,0,"strong",1
0.761901373227064,0.198183117915442,"MLE",50,8,0,"strong",2
0.76608528117832,0.197074575372737,"MLE",50,8,0,"strong",3
0.75500793001932,0.201159818885942,"MLE",50,8,0,"strong",4
0.753614067906359,0.202242658152706,"MLE",50,8,0,"strong",5
0.758856823984375,0.201043064098522,"MLE",50,8,0,"strong",6
0.757225658497686,0.20028486474389,"MLE",50,8,0,"strong",7
0.749279661564444,0.203434917080818,"MLE",50,8,0,"strong",8
0.7574051858411,0.200096007751872,"MLE",50,8,0,"strong",9
0.755838242544183,0.200832373024518,"MLE",50,8,0,"strong",10
0.691765917198688,0.2226026412292,"MLE",50,8,0,"noise",1
0.710739919981213,0.217009417008912,"MLE",50,8,0,"noise",2
0.687843281208467,0.223103102050508,"MLE",50,8,0,"noise",3
0.688051749211421,0.22320399770416,"MLE",50,8,0,"noise",4
0.694187127928163,0.222338047257482,"MLE",50,8,0,"noise",5
0.693500202968261,0.221666317762175,"MLE",50,8,0,"noise",6
0.691781903395936,0.222147257710131,"MLE",50,8,0,"noise",7
0.691626527829551,0.223389161782551,"MLE",50,8,0,"noise",8
0.694016504264068,0.222774489275439,"MLE",50,8,0,"noise",9
0.694886167733385,0.221582475986885,"MLE",50,8,0,"noise",10
0.631809271030672,0.238135561610504,"MLE",50,8,0,"halfnoise",1
0.648889840116875,0.232862275150321,"MLE",50,8,0,"halfnoise",2
0.650918327484177,0.233374517628661,"MLE",50,8,0,"halfnoise",3
0.651065550137569,0.232718618477933,"MLE",50,8,0,"halfnoise",4
0.648988275310124,0.236484712265922,"MLE",50,8,0,"halfnoise",5
0.651257242126297,0.234537185575191,"MLE",50,8,0,"halfnoise",6
0.660344516067458,0.230586845642292,"MLE",50,8,0,"halfnoise",7
0.642458791285165,0.234431479425805,"MLE",50,8,0,"halfnoise",8
0.637905025784038,0.235590495431313,"MLE",50,8,0,"halfnoise",9
0.64605350584214,0.234271888934646,"MLE",50,8,0,"halfnoise",10
0.920210947233752,0.113770496119322,"MLE",50,8,0.5,"equal",1
0.917771337133713,0.115940988037253,"MLE",50,8,0.5,"equal",2
0.9232836,0.111974745949775,"MLE",50,8,0.5,"equal",3
0.916857443084385,0.11688972700309,"MLE",50,8,0.5,"equal",4
0.914029386244702,0.119191484516121,"MLE",50,8,0.5,"equal",5
0.919930427188868,0.114375955326324,"MLE",50,8,0.5,"equal",6
0.92249486387627,0.112811811722647,"MLE",50,8,0.5,"equal",7
0.920549977111821,0.114136238457324,"MLE",50,8,0.5,"equal",8
0.914695063338628,0.118621768398651,"MLE",50,8,0.5,"equal",9
0.917679796472673,0.116314432071759,"MLE",50,8,0.5,"equal",10
0.847210697678568,0.160180588030139,"MLE",50,8,0.5,"strong",1
0.847053925834756,0.161900314702164,"MLE",50,8,0.5,"strong",2
0.849983472994497,0.158002706542171,"MLE",50,8,0.5,"strong",3
0.849173360183827,0.158825148925647,"MLE",50,8,0.5,"strong",4
0.845134325134325,0.161226427865774,"MLE",50,8,0.5,"strong",5
0.849118087338728,0.158517972174342,"MLE",50,8,0.5,"strong",6
0.850997913639492,0.157321041115651,"MLE",50,8,0.5,"strong",7
0.848001987147391,0.159160474672299,"MLE",50,8,0.5,"strong",8
0.85025633640841,0.157878803389639,"MLE",50,8,0.5,"strong",9
0.841374137413741,0.162583757406196,"MLE",50,8,0.5,"strong",10
0.817374995853858,0.174886656445849,"MLE",50,8,0.5,"noise",1
0.814489219458392,0.176058700688746,"MLE",50,8,0.5,"noise",2
0.818755002774213,0.173817846627934,"MLE",50,8,0.5,"noise",3
0.823109233461624,0.172321317249757,"MLE",50,8,0.5,"noise",4
0.815500733778737,0.175325876436716,"MLE",50,8,0.5,"noise",5
0.821457611725944,0.172563835481493,"MLE",50,8,0.5,"noise",6
0.825279953822446,0.171001601753845,"MLE",50,8,0.5,"noise",7
0.814306345891349,0.175914059676276,"MLE",50,8,0.5,"noise",8
0.82046355320765,0.173305509496965,"MLE",50,8,0.5,"noise",9
0.816081500629444,0.175527160979124,"MLE",50,8,0.5,"noise",10
0.726452086452086,0.21169003739612,"MLE",50,8,0.5,"halfnoise",1
0.719111800501114,0.216303354898144,"MLE",50,8,0.5,"halfnoise",2
0.723321115731378,0.212756711672648,"MLE",50,8,0.5,"halfnoise",3
0.725903892540131,0.213632959591938,"MLE",50,8,0.5,"halfnoise",4
0.729743893299302,0.210614519093702,"MLE",50,8,0.5,"halfnoise",5
0.725648990645664,0.211877892405207,"MLE",50,8,0.5,"halfnoise",6
0.72555927224208,0.211593486609905,"MLE",50,8,0.5,"halfnoise",7
0.730572810572811,0.210010689283963,"MLE",50,8,0.5,"halfnoise",8
0.72495812367169,0.211768066220102,"MLE",50,8,0.5,"halfnoise",9
0.721321981151698,0.213579162507292,"MLE",50,8,0.5,"halfnoise",10
0.830930596540059,0.168060911745168,"MLE",50,12,0,"equal",1
0.838329668434235,0.16415724396263,"MLE",50,12,0,"equal",2
0.837159522823377,0.16474444679783,"MLE",50,12,0,"equal",3
0.828326614455771,0.169637423944457,"MLE",50,12,0,"equal",4
0.841800449990087,0.162257362734463,"MLE",50,12,0,"equal",5
0.831769373214706,0.168923269729319,"MLE",50,12,0,"equal",6
0.829270818537495,0.168756498197961,"MLE",50,12,0,"equal",7
0.827351200835364,0.169972294942227,"MLE",50,12,0,"equal",8
0.831210323344289,0.167760611285006,"MLE",50,12,0,"equal",9
0.832622393184448,0.167227596584351,"MLE",50,12,0,"equal",10
0.765750505790969,0.197632200685499,"MLE",50,12,0,"strong",1
0.761376202128138,0.199303444901911,"MLE",50,12,0,"strong",2
0.772442397736471,0.194975374914434,"MLE",50,12,0,"strong",3
0.7717008022024,0.194527694098411,"MLE",50,12,0,"strong",4
0.768540185355053,0.195759963277882,"MLE",50,12,0,"strong",5
0.774033512702775,0.194994557573049,"MLE",50,12,0,"strong",6
0.77015957129972,0.195255889785238,"MLE",50,12,0,"strong",7
0.767878526822831,0.196653288843889,"MLE",50,12,0,"strong",8
0.767100217505438,0.196303771910954,"MLE",50,12,0,"strong",9
0.769188347013552,0.196203059356281,"MLE",50,12,0,"strong",10
0.736306452642589,0.208051129082097,"MLE",50,12,0,"noise",1
0.739761256001246,0.207327657523463,"MLE",50,12,0,"noise",2
0.742202251981274,0.205641457483878,"MLE",50,12,0,"noise",3
0.737686892593069,0.207914859384554,"MLE",50,12,0,"noise",4
0.73190369281722,0.209491192286094,"MLE",50,12,0,"noise",5
0.726916929788171,0.210696548588988,"MLE",50,12,0,"noise",6
0.728366664618661,0.210939620345286,"MLE",50,12,0,"noise",7
0.73007917387952,0.210531919207,"MLE",50,12,0,"noise",8
0.735813341385157,0.208242453879627,"MLE",50,12,0,"noise",9
0.735397118343715,0.208374956055446,"MLE",50,12,0,"noise",10
0.679209334936835,0.225825090651611,"MLE",50,12,0,"halfnoise",1
0.675187431628676,0.226857263213478,"MLE",50,12,0,"halfnoise",2
0.681951769945684,0.225054426034488,"MLE",50,12,0,"halfnoise",3
0.681437481437481,0.224711709102209,"MLE",50,12,0,"halfnoise",4
0.682431872409494,0.22455268367437,"MLE",50,12,0,"halfnoise",5
0.671450227585656,0.227576641136166,"MLE",50,12,0,"halfnoise",6
0.682366918996008,0.224805981403077,"MLE",50,12,0,"halfnoise",7
0.683847044614581,0.224239595768654,"MLE",50,12,0,"halfnoise",8
0.680741039602447,0.225396643499434,"MLE",50,12,0,"halfnoise",9
0.67214782984444,0.228018918068002,"MLE",50,12,0,"halfnoise",10
0.954649290975546,0.0851030194406052,"MLE",50,12,0.5,"equal",1
0.95413108969358,0.0855287935826209,"MLE",50,12,0.5,"equal",2
0.953147834432706,0.0872942217060266,"MLE",50,12,0.5,"equal",3
0.953905410014292,0.0866241601388368,"MLE",50,12,0.5,"equal",4
0.951393918664158,0.0887967616848379,"MLE",50,12,0.5,"equal",5
0.955436571479406,0.0838033730816497,"MLE",50,12,0.5,"equal",6
0.953273061321798,0.08611863631255,"MLE",50,12,0.5,"equal",7
0.953649871634468,0.0862723963997891,"MLE",50,12,0.5,"equal",8
0.953092875506355,0.0865758536602253,"MLE",50,12,0.5,"equal",9
0.954269718170789,0.0856184335815154,"MLE",50,12,0.5,"equal",10
0.884838010463883,0.138373576405906,"MLE",50,12,0.5,"strong",1
0.888522204170051,0.135450459348773,"MLE",50,12,0.5,"strong",2
0.893217779963525,0.132547179916417,"MLE",50,12,0.5,"strong",3
0.889800722954342,0.134734971047044,"MLE",50,12,0.5,"strong",4
0.892854525473068,0.132889849316992,"MLE",50,12,0.5,"strong",5
0.888472737211257,0.13561986861359,"MLE",50,12,0.5,"strong",6
0.888516820421411,0.135332463597002,"MLE",50,12,0.5,"strong",7
0.882918557850681,0.139355593769371,"MLE",50,12,0.5,"strong",8
0.883630781380925,0.139054089505341,"MLE",50,12,0.5,"strong",9
0.88630076,0.137110699677623,"MLE",50,12,0.5,"strong",10
0.883795732190896,0.13851299110643,"MLE",50,12,0.5,"noise",1
0.890044554056234,0.135281577665405,"MLE",50,12,0.5,"noise",2
0.890182228180863,0.134752509132027,"MLE",50,12,0.5,"noise",3
0.891098676563529,0.134625142269806,"MLE",50,12,0.5,"noise",4
0.888868873133649,0.135792633752406,"MLE",50,12,0.5,"noise",5
0.897432503573317,0.129841671788706,"MLE",50,12,0.5,"noise",6
0.886837338306865,0.136285438860675,"MLE",50,12,0.5,"noise",7
0.88804965056494,0.136392301396713,"MLE",50,12,0.5,"noise",8
0.886159513944828,0.136922461798302,"MLE",50,12,0.5,"noise",9
0.892716841378063,0.133377960511344,"MLE",50,12,0.5,"noise",10
0.790033402369591,0.187023629065582,"MLE",50,12,0.5,"halfnoise",1
0.793204267009083,0.185595091323744,"MLE",50,12,0.5,"halfnoise",2
0.78336204623377,0.189742299657336,"MLE",50,12,0.5,"halfnoise",3
0.793867085792151,0.185622134858501,"MLE",50,12,0.5,"halfnoise",4
0.793537117994761,0.185327843723156,"MLE",50,12,0.5,"halfnoise",5
0.786832761494853,0.188451974845101,"MLE",50,12,0.5,"halfnoise",6
0.791377591415829,0.186575802264753,"MLE",50,12,0.5,"halfnoise",7
0.796260894379592,0.184288999787209,"MLE",50,12,0.5,"halfnoise",8
0.793347699079632,0.186473134430769,"MLE",50,12,0.5,"halfnoise",9
0.790038791269002,0.188574319911084,"MLE",50,12,0.5,"halfnoise",10
