"model","EPV","sim","P","rho","beta_pattern","AUC","Brier","lambda"
"ridge",5,1,4,0,"equal",0.868686868686869,0.150523325097362,0.0562343336754009
"ridge",5,2,4,0,"equal",0.7925,0.198145452414735,0.151983479615888
"ridge",5,3,4,0,"equal",0.823529411764706,0.169185493251627,0.0961700224170209
"ridge",5,4,4,0,"equal",0.5,0.249375,60.9735561902568
"ridge",5,5,4,0,"equal",0.8359375,0.165562144023596,0.0979049568938858
"ridge",5,6,4,0,"equal",0.87719298245614,0.150071377991919,0.0524272862185277
"ridge",5,7,4,0,"equal",0.854166666666667,0.159318675772011,0.0852716861492866
"ridge",5,8,4,0,"equal",0.69309462915601,0.235223465936048,1.49257492015858
"ridge",5,9,4,0,"equal",0.799498746867168,0.186893679974213,0.0816984956068945
"ridge",5,10,4,0,"equal",0.800511508951407,0.192212378279376,0.159958457016285
"ridge",5,1,4,0,"strong",0.698666666666667,0.222595039754776,0.748075614290693
"ridge",5,2,4,0,"strong",0.917293233082707,0.137096737300837,0.0253840485473681
"ridge",5,3,4,0,"strong",0.826086956521739,0.182970541082035,0.1128124002095
"ridge",5,4,4,0,"strong",0.858585858585859,0.158553337311568,0.0204823843037349
"ridge",5,5,4,0,"strong",0.764705882352941,0.202595806189127,0.186200246914319
"ridge",5,6,4,0,"strong",0.81203007518797,0.177950948360142,0.0650157033389815
"ridge",5,7,4,0,"strong",0.5,0.24,104.071730392854
"ridge",5,8,4,0,"strong",0.841432225063939,0.171709626577338,0.0670196861181923
"ridge",5,9,4,0,"strong",0.841145833333333,0.162791003196113,0.0923231707708634
"ridge",5,10,4,0,"strong",0.5,0.2475,99.246352250429
"ridge",5,1,4,0,"noise",0.7575,0.204531398772648,0.123179219647593
"ridge",5,2,4,0,"noise",0.795454545454545,0.182262713654464,0.0853609409171973
"ridge",5,3,4,0,"noise",0.5,0.24,88.3132010861898
"ridge",5,4,4,0,"noise",0.76010101010101,0.211885830312381,0.280164679265718
"ridge",5,5,4,0,"noise",0.825757575757576,0.176357749049063,0.0932720113774098
"ridge",5,6,4,0,"noise",0.6265664160401,0.249265013496922,72.0993638235632
"ridge",5,7,4,0,"noise",0.66,0.247861093466721,5.50918823593457
"ridge",5,8,4,0,"noise",0.724747474747475,0.217639498609157,0.26649440282746
"ridge",5,9,4,0,"noise",0.5,0.234375,30.7949308702586
"ridge",5,10,4,0,"noise",0.799479166666667,0.182283722145743,0.100979224675817
"ridge",5,1,4,0,"halfnoise",0.5,0.219375,50.5180624172503
"ridge",5,2,4,0,"halfnoise",0.5,0.244375,85.0523754057753
"ridge",5,3,4,0,"halfnoise",0.744360902255639,0.219040968015867,0.436774782477538
"ridge",5,4,4,0,"halfnoise",0.742424242424243,0.218431161981988,0.398575560107441
"ridge",5,5,4,0,"halfnoise",0.70959595959596,0.224649068006003,0.375519326648953
"ridge",5,6,4,0,"halfnoise",0.815856777493606,0.18062279510467,0.104627759539361
"ridge",5,7,4,0,"halfnoise",0.766483516483517,0.195656974223326,0.29538177495184
"ridge",5,8,4,0,"halfnoise",0.764880952380952,0.185354258057565,0.413659978465077
"ridge",5,9,4,0,"halfnoise",0.765625,0.198363863877237,0.207152624048486
"ridge",5,10,4,0,"halfnoise",0.726817042606516,0.2116631590636,0.0925213827811912
"ridge",5,1,4,0.5,"equal",0.823529411764706,0.168331198254692,0.11914826207005
"ridge",5,2,4,0.5,"equal",0.837092731829574,0.171331097141665,0.171385477828953
"ridge",5,3,4,0.5,"equal",0.859649122807017,0.159671077609303,0.0882835026775567
"ridge",5,4,4,0.5,"equal",0.864,0.154771073058424,0.171535116829825
"ridge",5,5,4,0.5,"equal",0.834666666666667,0.165577729402978,0.135990088386
"ridge",5,6,4,0.5,"equal",0.813299232736573,0.206362972902481,0.49923655775687
"ridge",5,7,4,0.5,"equal",0.862155388471178,0.154221424924981,0.111100638284036
"ridge",5,8,4,0.5,"equal",0.929292929292929,0.102596062134409,0.0509995999703598
"ridge",5,9,4,0.5,"equal",0.797953964194374,0.184632200521402,0.164430350241689
"ridge",5,10,4,0.5,"equal",0.949494949494949,0.0791672278481436,0.0364668914424718
"ridge",5,1,4,0.5,"strong",0.726817042606516,0.223496662302795,0.648419788389215
"ridge",5,2,4,0.5,"strong",0.845238095238095,0.145370406176007,0.13197585970672
"ridge",5,3,4,0.5,"strong",0.827067669172932,0.170235840687635,0.0733089022284593
"ridge",5,4,4,0.5,"strong",0.876262626262626,0.14682451759305,0.0663590124194473
"ridge",5,5,4,0.5,"strong",0.890666666666667,0.136693976834455,0.0410820083647117
"ridge",5,6,4,0.5,"strong",0.864661654135338,0.153689620293942,0.0580824335803077
"ridge",5,7,4,0.5,"strong",0.867167919799499,0.149808743733183,0.0303257595525793
"ridge",5,8,4,0.5,"strong",0.9453125,0.093317135210037,0.0338826159952134
"ridge",5,9,4,0.5,"strong",0.820971867007673,0.16560870122403,0.11037014717153
"ridge",5,10,4,0.5,"strong",0.842105263157895,0.169114382138146,0.0846520176347038
"ridge",5,1,4,0.5,"noise",0.635,0.243735016180551,2.88392303540976
"ridge",5,2,4,0.5,"noise",0.873737373737374,0.148149827452184,0.0847433859143511
"ridge",5,3,4,0.5,"noise",0.726342710997442,0.208277364139483,0.263393012884379
"ridge",5,4,4,0.5,"noise",0.736842105263158,0.204827187238184,0.128350785966123
"ridge",5,5,4,0.5,"noise",0.833333333333333,0.162875957960417,0.0135800227822673
"ridge",5,6,4,0.5,"noise",0.765,0.211017503095646,0.419394490467987
"ridge",5,7,4,0.5,"noise",0.725333333333333,0.21568202739508,0.622419602806174
"ridge",5,8,4,0.5,"noise",0.765333333333333,0.17874730753135,0.065764620658581
"ridge",5,9,4,0.5,"noise",0.614035087719298,0.249161503300475,77.2724417502254
"ridge",5,10,4,0.5,"noise",0.799498746867168,0.182661845176397,0.189650056076899
"ridge",5,1,4,0.5,"halfnoise",0.724310776942356,0.219637934498113,0.484026691078568
"ridge",5,2,4,0.5,"halfnoise",0.741854636591479,0.216692156448063,0.417811910311958
"ridge",5,3,4,0.5,"halfnoise",0.5,0.25,101.651353892374
"ridge",5,4,4,0.5,"halfnoise",0.5,0.25,82.7782841716629
"ridge",5,5,4,0.5,"halfnoise",0.5,0.2475,70.586676852219
"ridge",5,6,4,0.5,"halfnoise",0.651041666666667,0.238043247938405,8.0429908085258
"ridge",5,7,4,0.5,"halfnoise",0.684210526315789,0.22897259130198,0.431701175007955
"ridge",5,8,4,0.5,"halfnoise",0.714285714285714,0.218179355403615,0.306337918134692
"ridge",5,9,4,0.5,"halfnoise",0.5,0.244375,49.0866965226137
"ridge",5,10,4,0.5,"halfnoise",0.61381074168798,0.243950152913703,25.5388920456521
"ridge",5,1,8,0,"equal",0.90719696969697,0.130108918420932,0.0256402109305666
"ridge",5,2,8,0,"equal",0.859335038363171,0.154342431003494,0.0624018533947521
"ridge",5,3,8,0,"equal",0.808080808080808,0.185607198468753,0.119215907141828
"ridge",5,4,8,0,"equal",0.826524198617222,0.180676886660135,0.121249718668931
"ridge",5,5,8,0,"equal",0.877460317460317,0.146195735114118,0.0318103159787618
"ridge",5,6,8,0,"equal",0.805153991200503,0.178892188790947,0.0594658164006124
"ridge",5,7,8,0,"equal",0.849280800500312,0.15978259785138,0.0453728637100953
"ridge",5,8,8,0,"equal",0.774355751099937,0.199071472585494,0.133087692396704
"ridge",5,9,8,0,"equal",0.848655409631019,0.1612987862333,0.0507114641085308
"ridge",5,10,8,0,"equal",0.862857142857143,0.151870978296633,0.0380506983231267
"ridge",5,1,8,0,"strong",0.866166353971232,0.14939906396325,0.0280023221156379
"ridge",5,2,8,0,"strong",0.8214055448098,0.174334772770436,0.129139008149874
"ridge",5,3,8,0,"strong",0.76010101010101,0.207384005823475,0.16427746529447
"ridge",5,4,8,0,"strong",0.81269641734758,0.18485365652193,0.135830012020648
"ridge",5,5,8,0,"strong",0.762148337595908,0.20305816746801,0.214061977291752
"ridge",5,6,8,0,"strong",0.912380952380952,0.127269872188589,0.0411202669339868
"ridge",5,7,8,0,"strong",0.833125,0.175130173228267,0.0852490511746303
"ridge",5,8,8,0,"strong",0.789141414141414,0.189788713897383,0.093519587381871
"ridge",5,9,8,0,"strong",0.880208333333333,0.135215695351523,0.0283022156797556
"ridge",5,10,8,0,"strong",0.863125,0.152047106825492,0.0266252526742497
"ridge",5,1,8,0,"noise",0.828914141414141,0.173238601322088,0.0607772806849852
"ridge",5,2,8,0,"noise",0.772470144563168,0.200032971578154,0.199885327170851
"ridge",5,3,8,0,"noise",0.721701063164478,0.219007100128306,0.281760526736224
"ridge",5,4,8,0,"noise",0.760625,0.201900513333086,0.136158189656564
"ridge",5,5,8,0,"noise",0.734335839598997,0.21583291369256,0.215471864306519
"ridge",5,6,8,0,"noise",0.756892230576441,0.213203815565123,0.314088723691002
"ridge",5,7,8,0,"noise",0.777777777777778,0.198049000634619,0.150427035662833
"ridge",5,8,8,0,"noise",0.814258911819888,0.186639859557651,0.125310081329183
"ridge",5,9,8,0,"noise",0.826171875,0.170368206345105,0.0913092759483744
"ridge",5,10,8,0,"noise",0.790281329923274,0.190634675431409,0.125854794168065
"ridge",5,1,8,0,"halfnoise",0.755681818181819,0.210419105239485,0.182342902942941
"ridge",5,2,8,0,"halfnoise",0.616875,0.249866340598567,55.1794403839166
"ridge",5,3,8,0,"halfnoise",0.715901948460088,0.224713426794143,0.331946679364791
"ridge",5,4,8,0,"halfnoise",0.782581453634085,0.195831696380007,0.105120392901661
"ridge",5,5,8,0,"halfnoise",0.75062656641604,0.210802941727179,0.246163125553149
"ridge",5,6,8,0,"halfnoise",0.736710444027517,0.221021312209076,0.33529642201765
"ridge",5,7,8,0,"halfnoise",0.711489898989899,0.221893608580793,0.282232920383175
"ridge",5,8,8,0,"halfnoise",0.666666666666667,0.242047987013632,1.5594039044362
"ridge",5,9,8,0,"halfnoise",0.733500942803269,0.225281141458463,0.393127531389366
"ridge",5,10,8,0,"halfnoise",0.731615336266499,0.215977982992948,0.227382667772695
"ridge",5,1,8,0.5,"equal",0.966854283927454,0.0749212434233118,0.0466914803530402
"ridge",5,2,8,0.5,"equal",0.902439024390244,0.129611567955737,0.0948543493371076
"ridge",5,3,8,0.5,"equal",0.957473420888055,0.0812529307997898,0.0477842022874701
"ridge",5,4,8,0.5,"equal",0.947936507936508,0.0881760232333545,0.0501445092634003
"ridge",5,5,8,0.5,"equal",0.988721804511278,0.0567472622632022,0.0328528076856213
"ridge",5,6,8,0.5,"equal",0.975238095238095,0.0666478369874231,0.033235237471624
"ridge",5,7,8,0.5,"equal",0.909846547314578,0.124457180071108,0.0922280427382071
"ridge",5,8,8,0.5,"equal",0.914321450906816,0.126847055364046,0.105868560718077
"ridge",5,9,8,0.5,"equal",0.945488721804511,0.0964380904593734,0.0678693407853833
"ridge",5,10,8,0.5,"equal",0.953721075672295,0.0848646568038938,0.0318783020541146
"ridge",5,1,8,0.5,"strong",0.902173913043479,0.120305418913951,0.0688855989579563
"ridge",5,2,8,0.5,"strong",0.908521303258146,0.127562095655771,0.0284643648333287
"ridge",5,3,8,0.5,"strong",0.868007542426148,0.15481821955538,0.0756766378925585
"ridge",5,4,8,0.5,"strong",0.806349206349206,0.181775923591066,0.194974053175488
"ridge",5,5,8,0.5,"strong",0.880681818181818,0.147841050729255,0.103203037375342
"ridge",5,6,8,0.5,"strong",0.863636363636364,0.150217845392215,0.126024371139764
"ridge",5,7,8,0.5,"strong",0.918117343649258,0.114767184619229,0.0617097387822856
"ridge",5,8,8,0.5,"strong",0.88875,0.139841478623562,0.0534816908008583
"ridge",5,9,8,0.5,"strong",0.775510204081633,0.183164343239321,0.190524045639676
"ridge",5,10,8,0.5,"strong",0.881875,0.14135894539395,0.0932252615670545
"ridge",5,1,8,0.5,"noise",0.831841432225064,0.165672788327836,0.174900721191932
"ridge",5,2,8,0.5,"noise",0.869318181818181,0.150431462907853,0.150191427623131
"ridge",5,3,8,0.5,"noise",0.783834586466165,0.196704962481895,0.246646153511191
"ridge",5,4,8,0.5,"noise",0.840351979886863,0.17348284013781,0.158898477962986
"ridge",5,5,8,0.5,"noise",0.881944444444444,0.142628536907672,0.110728632740081
"ridge",5,6,8,0.5,"noise",0.818412698412698,0.174134643621531,0.141739622611459
"ridge",5,7,8,0.5,"noise",0.845238095238095,0.166115736198892,0.246511091698496
"ridge",5,8,8,0.5,"noise",0.882205513784461,0.141944951480724,0.134749891528041
"ridge",5,9,8,0.5,"noise",0.771106941838649,0.202481519085848,0.340643017497487
"ridge",5,10,8,0.5,"noise",0.827067669172933,0.175137977318909,0.120834952494285
"ridge",5,1,8,0.5,"halfnoise",0.840909090909091,0.168965432394136,0.05495643858348
"ridge",5,2,8,0.5,"halfnoise",0.755639097744361,0.206223701465084,0.448351750867381
"ridge",5,3,8,0.5,"halfnoise",0.70535138620245,0.217636096803699,0.646828986005357
"ridge",5,4,8,0.5,"halfnoise",0.753156565656566,0.197664715343833,0.168789299315134
"ridge",5,5,8,0.5,"halfnoise",0.658203125,0.228159610244603,1.21838737505077
"ridge",5,6,8,0.5,"halfnoise",0.827392120075047,0.179862065125406,0.0815123913902892
"ridge",5,7,8,0.5,"halfnoise",0.734848484848485,0.212573519610361,0.430342798361145
"ridge",5,8,8,0.5,"halfnoise",0.826,0.160863188808742,0.164120656364945
"ridge",5,9,8,0.5,"halfnoise",0.770833333333333,0.19351738517521,0.163582143864464
"ridge",5,10,8,0.5,"halfnoise",0.639149468417761,0.24325480791515,1.94734200912171
"ridge",5,1,12,0,"equal",0.8820687695368,0.144859776654978,0.0480753722214419
"ridge",5,2,12,0,"equal",0.89862010701211,0.132291148551488,0.0266136484938658
"ridge",5,3,12,0,"equal",0.855116796440489,0.160341087518358,0.0612701060607837
"ridge",5,4,12,0,"equal",0.831523252575884,0.170373000871181,0.0604735326592383
"ridge",5,5,12,0,"equal",0.888392857142857,0.145404464770842,0.0744879505505893
"ridge",5,6,12,0,"equal",0.914592760180996,0.122646903332174,0.0262161406450822
"ridge",5,7,12,0,"equal",0.85440400111142,0.165116244994077,0.0947879926307947
"ridge",5,8,12,0,"equal",0.8841344818005,0.143530886031055,0.0366105277729808
"ridge",5,9,12,0,"equal",0.911714285714286,0.12433917479314,0.0417493223343383
"ridge",5,10,12,0,"equal",0.869140625,0.14900704625169,0.0605373629900737
"ridge",5,1,12,0,"strong",0.822097902097902,0.179733138251813,0.115862762004615
"ridge",5,2,12,0,"strong",0.831752232142857,0.173448356099526,0.0818106774136639
"ridge",5,3,12,0,"strong",0.873556744578992,0.155069813353854,0.0529792367499071
"ridge",5,4,12,0,"strong",0.78987556561086,0.192772477319926,0.146244206425342
"ridge",5,5,12,0,"strong",0.908382066276803,0.127928062616281,0.0375802792314975
"ridge",5,6,12,0,"strong",0.746106785317019,0.209522869689029,0.196078319282162
"ridge",5,7,12,0,"strong",0.7734375,0.201610716267487,0.168144655156376
"ridge",5,8,12,0,"strong",0.911846496106785,0.121459943062512,0.037474278000728
"ridge",5,9,12,0,"strong",0.805910770105144,0.183716865829914,0.068053604222568
"ridge",5,10,12,0,"strong",0.735690235690236,0.218342149580658,0.304165409601333
"ridge",5,1,12,0,"noise",0.806993006993007,0.183740090260699,0.0733674999346775
"ridge",5,2,12,0,"noise",0.5,0.2475,82.246825584602
"ridge",5,3,12,0,"noise",0.849067112225007,0.164461697870406,0.0530258592753797
"ridge",5,4,12,0,"noise",0.794109474854126,0.20052216204192,0.211403413663286
"ridge",5,5,12,0,"noise",0.793103448275863,0.193197396564216,0.121249021446403
"ridge",5,6,12,0,"noise",0.814601897096866,0.178261225910366,0.117958028862498
"ridge",5,7,12,0,"noise",0.834816462736374,0.172038233106439,0.0973103847473445
"ridge",5,8,12,0,"noise",0.788108423200233,0.189543039489599,0.149133023085566
"ridge",5,9,12,0,"noise",0.747132867132867,0.207851450746297,0.177485172886678
"ridge",5,10,12,0,"noise",0.852335928809789,0.159969725430512,0.0361434325656763
"ridge",5,1,12,0,"halfnoise",0.731944444444444,0.23585116579543,1.01810857215741
"ridge",5,2,12,0,"halfnoise",0.827030033370411,0.174140673960538,0.0868682705051991
"ridge",5,3,12,0,"halfnoise",0.745510662177329,0.212782102861674,0.225394304849038
"ridge",5,4,12,0,"halfnoise",0.793275909974993,0.191682398594401,0.120062263776624
"ridge",5,5,12,0,"halfnoise",0.750764101139205,0.213351307334453,0.234985631457379
"ridge",5,6,12,0,"halfnoise",0.720755765490414,0.234250275857675,0.841319562816869
"ridge",5,7,12,0,"halfnoise",0.771690767519466,0.202150801620868,0.141968091583131
"ridge",5,8,12,0,"halfnoise",0.693121693121693,0.239887474677382,1.16257954632539
"ridge",5,9,12,0,"halfnoise",0.734933035714286,0.215561658534867,0.144499414975521
"ridge",5,10,12,0,"halfnoise",0.726571428571429,0.225534635080119,0.610186564100288
"ridge",5,1,12,0.5,"equal",0.966657404834676,0.0761506849892042,0.0302392446383804
"ridge",5,2,12,0.5,"equal",0.980189732142856,0.0614944380330178,0.0459704259331125
"ridge",5,3,12,0.5,"equal",0.974658869395711,0.0671443841717933,0.054336037919471
"ridge",5,4,12,0.5,"equal",0.965833333333334,0.0765896226629747,0.0529134094351186
"ridge",5,5,12,0.5,"equal",0.950509049773756,0.093707119209215,0.0699356280060603
"ridge",5,6,12,0.5,"equal",0.961118881118882,0.0845827371998969,0.0460444434973638
"ridge",5,7,12,0.5,"equal",0.97582661850514,0.0654104523251751,0.0307922160829444
"ridge",5,8,12,0.5,"equal",0.970825229230342,0.0715054186759555,0.0324817392001111
"ridge",5,9,12,0.5,"equal",0.985129068462402,0.0518353566495659,0.0334261122101714
"ridge",5,10,12,0.5,"equal",0.983999999999999,0.0440330822162222,0.0343590965406528
"ridge",5,1,12,0.5,"strong",0.875522138680033,0.145788670867117,0.0719752364962192
"ridge",5,2,12,0.5,"strong",0.904575892857143,0.126776716839443,0.0632408469999083
"ridge",5,3,12,0.5,"strong",0.890525145873854,0.138540639831628,0.115530230871501
"ridge",5,4,12,0.5,"strong",0.927875243664717,0.112802682214842,0.0677796498107262
"ridge",5,5,12,0.5,"strong",0.921662895927602,0.115079795197257,0.0839362644018612
"ridge",5,6,12,0.5,"strong",0.940963519910888,0.0953490571948334,0.0470333038559167
"ridge",5,7,12,0.5,"strong",0.923076923076923,0.111225922230212,0.0758150711935567
"ridge",5,8,12,0.5,"strong",0.971111111111111,0.0695106665714443,0.0519164409149073
"ridge",5,9,12,0.5,"strong",0.945005611672278,0.0942021075422716,0.0750413166079239
"ridge",5,10,12,0.5,"strong",0.921097285067874,0.114959033141601,0.0800753965792085
"ridge",5,1,12,0.5,"noise",0.918,0.117221940943596,0.0746021948911337
"ridge",5,2,12,0.5,"noise",0.940539038621839,0.100709589956655,0.0847489042661968
"ridge",5,3,12,0.5,"noise",0.890711902113459,0.136726813185051,0.148873555849867
"ridge",5,4,12,0.5,"noise",0.896551724137931,0.133961485575077,0.170872125694658
"ridge",5,5,12,0.5,"noise",0.833004787383836,0.167019940094597,0.227850759199322
"ridge",5,6,12,0.5,"noise",0.913587107529869,0.121975907606317,0.109181250187038
"ridge",5,7,12,0.5,"noise",0.908482142857143,0.120360604744271,0.0939935327851121
"ridge",5,8,12,0.5,"noise",0.925534870797444,0.111856551849182,0.066017392110601
"ridge",5,9,12,0.5,"noise",0.897942157953281,0.135093753141964,0.0950527973631436
"ridge",5,10,12,0.5,"noise",0.91020979020979,0.126234134869909,0.129807278214595
"ridge",5,1,12,0.5,"halfnoise",0.825892857142857,0.174292153158759,0.312701230732119
"ridge",5,2,12,0.5,"halfnoise",0.845486111111111,0.157038694471141,0.0688680030150726
"ridge",5,3,12,0.5,"halfnoise",0.883040935672515,0.14451134448062,0.0479170135269272
"ridge",5,4,12,0.5,"halfnoise",0.845105672969966,0.164498890014883,0.0790358012570983
"ridge",5,5,12,0.5,"halfnoise",0.789473684210526,0.189308298499047,0.300421960274429
"ridge",5,6,12,0.5,"halfnoise",0.828841344818005,0.17384688683723,0.0860559619038395
"ridge",5,7,12,0.5,"halfnoise",0.772525027808676,0.198068772289312,0.400377799043312
"ridge",5,8,12,0.5,"halfnoise",0.800889877641824,0.186459222847214,0.365937359665622
"ridge",5,9,12,0.5,"halfnoise",0.82230255839822,0.174658071778931,0.31547706766576
"ridge",5,10,12,0.5,"halfnoise",0.808565679793043,0.178094129619318,0.143767470963657
"ridge",10,1,4,0,"equal",0.831439393939394,0.1732318271,0.0416752061717992
"ridge",10,2,4,0,"equal",0.698125,0.218036273937951,0.0655788395388841
"ridge",10,3,4,0,"equal",0.76366030283081,0.194882123682314,0.0827446909050263
"ridge",10,4,4,0,"equal",0.812698412698413,0.186196143611029,0.0705293584948687
"ridge",10,5,4,0,"equal",0.746091307066917,0.206771967651307,0.0890369000788628
"ridge",10,6,4,0,"equal",0.784240150093809,0.199428517405266,0.124341273246339
"ridge",10,7,4,0,"equal",0.80722114764668,0.176631525752873,0.0419664052781426
"ridge",10,8,4,0,"equal",0.733125,0.21264310590697,0.136319849996764
"ridge",10,9,4,0,"equal",0.835952231301068,0.169136047699161,0.0401759909856683
"ridge",10,10,4,0,"equal",0.645,0.23681332301439,0.239809523214016
"ridge",10,1,4,0,"strong",0.770243581303489,0.188138358495653,0.0566990176969858
"ridge",10,2,4,0,"strong",0.674786043449638,0.220777957329128,0.182388824612287
"ridge",10,3,4,0,"strong",0.746543778801844,0.209005403379997,0.137138278497334
"ridge",10,4,4,0,"strong",0.735479797979798,0.212286971428352,0.117410500653038
"ridge",10,5,4,0,"strong",0.804924242424242,0.182778345929112,0.0875856002406028
"ridge",10,6,4,0,"strong",0.732872407291012,0.205037686897056,0.0451735536801437
"ridge",10,7,4,0,"strong",0.710358056265985,0.215778203611703,0.0802632317886274
"ridge",10,8,4,0,"strong",0.738125,0.211520985784122,0.119259846403734
"ridge",10,9,4,0,"strong",0.71737660581474,0.207637045890732,0.14337404346275
"ridge",10,10,4,0,"strong",0.81458202388435,0.174641751778934,0.0234661781366378
"ridge",10,1,4,0,"noise",0.768796992481203,0.199432923823251,0.0738260159630647
"ridge",10,2,4,0,"noise",0.615238095238095,0.245982159253339,52.6849126660067
"ridge",10,3,4,0,"noise",0.684803001876173,0.224693570405007,0.087444693948446
"ridge",10,4,4,0,"noise",0.667301587301587,0.233678542414256,0.453584909765276
"ridge",10,5,4,0,"noise",0.821763602251407,0.177802940414059,0.0545362481565867
"ridge",10,6,4,0,"noise",0.710444027517198,0.223947939718974,0.198061276370988
"ridge",10,7,4,0,"noise",0.66795615731786,0.228561332794987,0.375911341564529
"ridge",10,8,4,0,"noise",0.707317073170732,0.229874773174565,0.283561135435492
"ridge",10,9,4,0,"noise",0.690522243713733,0.2266458496412,0.413357660775072
"ridge",10,10,4,0,"noise",0.675675675675675,0.231766499986729,0.312681075399173
"ridge",10,1,4,0,"halfnoise",0.659333752357008,0.239902985296478,0.819714984011964
"ridge",10,2,4,0,"halfnoise",0.62375,0.24994592811216,75.8353549850872
"ridge",10,3,4,0,"halfnoise",0.682926829268293,0.221706690551097,0.0880964673647013
"ridge",10,4,4,0,"halfnoise",0.62375,0.249897567124734,58.8926088095444
"ridge",10,5,4,0,"halfnoise",0.611528822055138,0.249295834297443,78.6257546420086
"ridge",10,6,4,0,"halfnoise",0.664786967418546,0.233302670278717,0.227999772666659
"ridge",10,7,4,0,"halfnoise",0.631510416666667,0.230810056671844,0.432441860997624
"ridge",10,8,4,0,"halfnoise",0.654092071611253,0.236756511702475,0.883792494228144
"ridge",10,9,4,0,"halfnoise",0.5,0.24234375,67.1522910098076
"ridge",10,10,4,0,"halfnoise",0.693181818181818,0.220820651068184,0.116792488906393
"ridge",10,1,4,0.5,"equal",0.759509993552547,0.196587660866364,0.211325270907704
"ridge",10,2,4,0.5,"equal",0.920892494929006,0.110750220656999,0.046779392612979
"ridge",10,3,4,0.5,"equal",0.854179761156506,0.153005132543042,0.0260199229779453
"ridge",10,4,4,0.5,"equal",0.900255754475704,0.130955741003805,0.0281855883368866
"ridge",10,5,4,0.5,"equal",0.714194373401535,0.210194126554111,0.291676800898365
"ridge",10,6,4,0.5,"equal",0.886349206349206,0.139516961343436,0.0661696226977294
"ridge",10,7,4,0.5,"equal",0.880578252671276,0.144147090575957,0.0624588217019445
"ridge",10,8,4,0.5,"equal",0.823014383989993,0.170659171750415,0.0993431318344866
"ridge",10,9,4,0.5,"equal",0.829573934837093,0.172415864980013,0.0494320889709958
"ridge",10,10,4,0.5,"equal",0.851010101010101,0.158086939106418,0.0812850613736505
"ridge",10,1,4,0.5,"strong",0.793619791666667,0.181498523072686,0.0855952266704411
"ridge",10,2,4,0.5,"strong",0.715538847117795,0.213170900375351,0.150149714474461
"ridge",10,3,4,0.5,"strong",0.752985543683218,0.211020690541381,0.255083811140056
"ridge",10,4,4,0.5,"strong",0.79047619047619,0.187447928712833,0.129934177804318
"ridge",10,5,4,0.5,"strong",0.823934837092731,0.172215127261043,0.0659617756257797
"ridge",10,6,4,0.5,"strong",0.742928975487115,0.207362276919659,0.168834047167166
"ridge",10,7,4,0.5,"strong",0.81863664790494,0.173030152386045,0.0235862986566438
"ridge",10,8,4,0.5,"strong",0.772357723577236,0.195950214303681,0.114855058732985
"ridge",10,9,4,0.5,"strong",0.766729205753596,0.201072594664051,0.14825644617618
"ridge",10,10,4,0.5,"strong",0.867379006913891,0.150479488556221,0.0410703959401566
"ridge",10,1,4,0.5,"noise",0.700188560653677,0.219956246141947,0.264700757835565
"ridge",10,2,4,0.5,"noise",0.713032581453634,0.218151941444942,0.327120154107429
"ridge",10,3,4,0.5,"noise",0.796122576610382,0.186519428178415,0.0525507105113153
"ridge",10,4,4,0.5,"noise",0.722815839094909,0.218012715136816,0.289580614526954
"ridge",10,5,4,0.5,"noise",0.841145833333334,0.156845525810279,0.0261143401344355
"ridge",10,6,4,0.5,"noise",0.806128830519074,0.178021717025036,0.0255923374330957
"ridge",10,7,4,0.5,"noise",0.709595959595959,0.217230083928004,0.119101795043969
"ridge",10,8,4,0.5,"noise",0.62625,0.242410930007307,0.987804416206731
"ridge",10,9,4,0.5,"noise",0.714196372732958,0.217233487689114,0.197340452746895
"ridge",10,10,4,0.5,"noise",0.681077694235589,0.226169830384061,0.292971763144409
"ridge",10,1,4,0.5,"halfnoise",0.717948717948718,0.216609075981398,0.0908857088145201
"ridge",10,2,4,0.5,"halfnoise",0.62406015037594,0.241728388899503,0.645647288431471
"ridge",10,3,4,0.5,"halfnoise",0.720930232558139,0.211036196082019,0.155011146974572
"ridge",10,4,4,0.5,"halfnoise",0.674242424242424,0.231471578753526,0.172000380147105
"ridge",10,5,4,0.5,"halfnoise",0.686653771760155,0.223989236541366,0.455712730805124
"ridge",10,6,4,0.5,"halfnoise",0.636994949494949,0.236868105310591,0.439119401831209
"ridge",10,7,4,0.5,"halfnoise",0.661076170510133,0.211694367829121,0.468455052489687
"ridge",10,8,4,0.5,"halfnoise",0.68922305764411,0.223332166063528,0.243137596269236
"ridge",10,9,4,0.5,"halfnoise",0.705396825396825,0.217488516987122,0.15094758080049
"ridge",10,10,4,0.5,"halfnoise",0.62531328320802,0.241137940683193,0.75034786581972
"ridge",10,1,8,0,"equal",0.780641106222502,0.191313442199892,0.0538043737822603
"ridge",10,2,8,0,"equal",0.839430894308943,0.167362897340145,0.0370527496556427
"ridge",10,3,8,0,"equal",0.81546875,0.180008245922853,0.0466871222189842
"ridge",10,4,8,0,"equal",0.828410689170183,0.168315608860684,0.0312400123664765
"ridge",10,5,8,0,"equal",0.812470477090222,0.17606876809146,0.0341295448848177
"ridge",10,6,8,0,"equal",0.806754221388368,0.182480547885909,0.0583023606595015
"ridge",10,7,8,0,"equal",0.797512202802709,0.185120936722368,0.0545475272185872
"ridge",10,8,8,0,"equal",0.855279698302954,0.153630293449432,0.0171171810580739
"ridge",10,9,8,0,"equal",0.85197934595525,0.159519821208674,0.0209691274803119
"ridge",10,10,8,0,"equal",0.813408345053915,0.176530424285385,0.0234383752741709
"ridge",10,1,8,0,"strong",0.829887218045113,0.172096939639541,0.0383287986510624
"ridge",10,2,8,0,"strong",0.835834896810506,0.168011546752948,0.0264149728882644
"ridge",10,3,8,0,"strong",0.786175405447961,0.193561181119681,0.0474222472662285
"ridge",10,4,8,0,"strong",0.785983658076681,0.191979358224925,0.0489065116775756
"ridge",10,5,8,0,"strong",0.816249409541805,0.176003553300769,0.0344841960329616
"ridge",10,6,8,0,"strong",0.781490196078431,0.191925907967696,0.051076174655837
"ridge",10,7,8,0,"strong",0.751212642778908,0.202374704632488,0.0650818659385903
"ridge",10,8,8,0,"strong",0.767172586449695,0.197077042224087,0.0642166706526527
"ridge",10,9,8,0,"strong",0.819902988577687,0.175559471763368,0.0466994797742232
"ridge",10,10,8,0,"strong",0.764025629004532,0.197401730272853,0.050085028765024
"ridge",10,1,8,0,"noise",0.737521650133837,0.211190597398906,0.126580653637691
"ridge",10,2,8,0,"noise",0.738069159755906,0.210678034786869,0.101585433676132
"ridge",10,3,8,0,"noise",0.743120700437773,0.205484603985196,0.0389879941355972
"ridge",10,4,8,0,"noise",0.726588235294118,0.216112762407425,0.105666522609908
"ridge",10,5,8,0,"noise",0.731904761904762,0.208930338844113,0.0574716686220852
"ridge",10,6,8,0,"noise",0.66307066916823,0.240047639272924,0.654305347708647
"ridge",10,7,8,0,"noise",0.6884375,0.229306703076435,0.265208163061528
"ridge",10,8,8,0,"noise",0.788222327192568,0.189101970777289,0.0536364107432648
"ridge",10,9,8,0,"noise",0.725250626566416,0.213336264594377,0.100527551056331
"ridge",10,10,8,0,"noise",0.724701445631678,0.213544780072831,0.0772522496731774
"ridge",10,1,8,0,"halfnoise",0.692078431372549,0.224792185303922,0.141020692630894
"ridge",10,2,8,0,"halfnoise",0.72139303482587,0.211907027053539,0.111649832160234
"ridge",10,3,8,0,"halfnoise",0.733112373737374,0.213317221086047,0.110724841383119
"ridge",10,4,8,0,"halfnoise",0.708554004172685,0.220537448886547,0.242820500904848
"ridge",10,5,8,0,"halfnoise",0.664786967418546,0.242436132714189,0.91376425196867
"ridge",10,6,8,0,"halfnoise",0.742293850727585,0.209796603500069,0.129529543485807
"ridge",10,7,8,0,"halfnoise",0.671357098186367,0.232472962714074,0.371094181136977
"ridge",10,8,8,0,"halfnoise",0.628517823639775,0.245083606734821,1.18831168260267
"ridge",10,9,8,0,"halfnoise",0.718979815365358,0.217778107350793,0.140593038798923
"ridge",10,10,8,0,"halfnoise",0.706509803921569,0.225838202795527,0.207878830341256
"ridge",10,1,8,0.5,"equal",0.933803921568627,0.105282258282172,0.0299564260357892
"ridge",10,2,8,0.5,"equal",0.915193240494446,0.120362219554782,0.0359795544758929
"ridge",10,3,8,0.5,"equal",0.911219358893777,0.121264278927828,0.0828008465771331
"ridge",10,4,8,0.5,"equal",0.911861228316924,0.121067350704561,0.0370064071310853
"ridge",10,5,8,0.5,"equal",0.915975590674385,0.11821487448215,0.0468464713646963
"ridge",10,6,8,0.5,"equal",0.918341509732553,0.10876847958384,0.0487933661558523
"ridge",10,7,8,0.5,"equal",0.908465028946957,0.126178100046894,0.0555661272445777
"ridge",10,8,8,0.5,"equal",0.932092004381161,0.107409148787794,0.0288528954050916
"ridge",10,9,8,0.5,"equal",0.921608511969957,0.1148325082881,0.0461210097839077
"ridge",10,10,8,0.5,"equal",0.909204563213002,0.124331620249831,0.0729385692731647
"ridge",10,1,8,0.5,"strong",0.862876254180603,0.152541073586617,0.0941467461454062
"ridge",10,2,8,0.5,"strong",0.881313131313131,0.140107458445085,0.0292968008783101
"ridge",10,3,8,0.5,"strong",0.865131578947368,0.149915217298008,0.0455707120052741
"ridge",10,4,8,0.5,"strong",0.868104391311142,0.149642486590053,0.0617453449379243
"ridge",10,5,8,0.5,"strong",0.847761685319289,0.151664827112082,0.0704456523643415
"ridge",10,6,8,0.5,"strong",0.917661847894407,0.117744269822554,0.0292553754774452
"ridge",10,7,8,0.5,"strong",0.883921568627451,0.138367810357908,0.0363325000833389
"ridge",10,8,8,0.5,"strong",0.890607907485545,0.136025178191349,0.0524808088814401
"ridge",10,9,8,0.5,"strong",0.903322311447016,0.124372089860644,0.0449196451143061
"ridge",10,10,8,0.5,"strong",0.847944991404907,0.159683970397887,0.0279667320725441
"ridge",10,1,8,0.5,"noise",0.838502506265664,0.166593811648953,0.119083283898767
"ridge",10,2,8,0.5,"noise",0.852286967418546,0.15570619662874,0.0883508988022771
"ridge",10,3,8,0.5,"noise",0.832467327979846,0.171507577547412,0.154574272545138
"ridge",10,4,8,0.5,"noise",0.886748120300752,0.137837011471584,0.0676789822329492
"ridge",10,5,8,0.5,"noise",0.844454887218046,0.159336676877099,0.102466941740256
"ridge",10,6,8,0.5,"noise",0.813946216385241,0.18099630536124,0.0932080523167233
"ridge",10,7,8,0.5,"noise",0.873259270849632,0.146763800089569,0.0672959579994968
"ridge",10,8,8,0.5,"noise",0.7683846637335,0.198509140861345,0.250914902661165
"ridge",10,9,8,0.5,"noise",0.825696740670761,0.175297546650784,0.174693937301734
"ridge",10,10,8,0.5,"noise",0.787826631200125,0.18961482210356,0.169004497903873
"ridge",10,1,8,0.5,"halfnoise",0.715290806754221,0.216103505912696,0.175266548460061
"ridge",10,2,8,0.5,"halfnoise",0.666824122185483,0.227566724108067,0.359655022197736
"ridge",10,3,8,0.5,"halfnoise",0.74906015037594,0.20449820513191,0.147502537694953
"ridge",10,4,8,0.5,"halfnoise",0.774331381547713,0.19009536259131,0.125042241482363
"ridge",10,5,8,0.5,"halfnoise",0.778402875449289,0.193980864815212,0.140496696568322
"ridge",10,6,8,0.5,"halfnoise",0.753403223282741,0.2021345699958,0.0606164800167128
"ridge",10,7,8,0.5,"halfnoise",0.765664160401002,0.199502888065685,0.171946731764389
"ridge",10,8,8,0.5,"halfnoise",0.787054409005629,0.190225249779816,0.231748653414169
"ridge",10,9,8,0.5,"halfnoise",0.71375,0.219167457939619,0.408546516818994
"ridge",10,10,8,0.5,"halfnoise",0.722735096229072,0.210814377067251,0.201885662350613
"ridge",10,1,12,0,"equal",0.886956521739131,0.13761596894622,0.0128653525154656
"ridge",10,2,12,0,"equal",0.853014726312864,0.157565497863908,0.0236005750446629
"ridge",10,3,12,0,"equal",0.894615545778336,0.131224457590313,0.0121171909737717
"ridge",10,4,12,0,"equal",0.856589693044213,0.148938368513507,0.0264434005125993
"ridge",10,5,12,0,"equal",0.848872127941896,0.160053454101853,0.0169840131939924
"ridge",10,6,12,0,"equal",0.829535982217283,0.172690250716959,0.0401707833520802
"ridge",10,7,12,0,"equal",0.871515066178542,0.14511886496269,0.0230370662845649
"ridge",10,8,12,0,"equal",0.880208695652174,0.141794681418615,0.0150400178229211
"ridge",10,9,12,0,"equal",0.855304347826087,0.1553791547537,0.0175840825541478
"ridge",10,10,12,0,"equal",0.810854005975958,0.181059850802598,0.0371163577467882
"ridge",10,1,12,0,"strong",0.838023764853033,0.165975906112676,0.0229206930017932
"ridge",10,2,12,0,"strong",0.787510419560989,0.193353116267036,0.0755927497074979
"ridge",10,3,12,0,"strong",0.812375674907644,0.175082056260825,0.0347417452066091
"ridge",10,4,12,0,"strong",0.846170033670034,0.159455137667274,0.0219935392118782
"ridge",10,5,12,0,"strong",0.795844625112918,0.186738763969329,0.0450395994068967
"ridge",10,6,12,0,"strong",0.802027972027972,0.18510518960049,0.0499071401409018
"ridge",10,7,12,0,"strong",0.78837597330367,0.189691000520715,0.0419746240677072
"ridge",10,8,12,0,"strong",0.778829966329967,0.192595520583087,0.0488698417840843
"ridge",10,9,12,0,"strong",0.789481026785714,0.19053036675228,0.0469145159381649
"ridge",10,10,12,0,"strong",0.833923980265444,0.167687419988528,0.0210644657624625
"ridge",10,1,12,0,"noise",0.787039620535714,0.191106321932666,0.0569956973595849
"ridge",10,2,12,0,"noise",0.725180756395995,0.21438937937588,0.0959524486102528
"ridge",10,3,12,0,"noise",0.795414953661766,0.18436335985476,0.0441449651524386
"ridge",10,4,12,0,"noise",0.785314685314685,0.193855289568766,0.0831039316664457
"ridge",10,5,12,0,"noise",0.8119598060572,0.176091908770836,0.0363505132466057
"ridge",10,6,12,0,"noise",0.766059510567297,0.199017961519967,0.0766824936533919
"ridge",10,7,12,0,"noise",0.788756861927593,0.192097740839108,0.0386775149319315
"ridge",10,8,12,0,"noise",0.782314821266811,0.194299724344737,0.050237351001694
"ridge",10,9,12,0,"noise",0.762976992143659,0.198125759187311,0.0594337966623928
"ridge",10,10,12,0,"noise",0.7568,0.203812536657109,0.0676036098871716
"ridge",10,1,12,0,"halfnoise",0.662747826086956,0.238538684834711,0.58599431582444
"ridge",10,2,12,0,"halfnoise",0.726677805625174,0.210205276292576,0.0615732913391061
"ridge",10,3,12,0,"halfnoise",0.731576751946608,0.212631760121952,0.11710234336952
"ridge",10,4,12,0,"halfnoise",0.774124026696329,0.196174109002602,0.0642178199019369
"ridge",10,5,12,0,"halfnoise",0.708593914693275,0.218504128350328,0.144436305395991
"ridge",10,6,12,0,"halfnoise",0.767285108748523,0.197803221862493,0.0533115137355977
"ridge",10,7,12,0,"halfnoise",0.790817391304347,0.189642872079564,0.073437730352482
"ridge",10,8,12,0,"halfnoise",0.708591735767542,0.219535099191722,0.121614014035708
"ridge",10,9,12,0,"halfnoise",0.774260869565218,0.194031272885724,0.047023890705044
"ridge",10,10,12,0,"halfnoise",0.702430555555556,0.223977598054364,0.165546394405893
"ridge",10,1,12,0.5,"equal",0.965220458553792,0.0764538403223297,0.0303352248946087
"ridge",10,2,12,0.5,"equal",0.978667222569662,0.0598747248122223,0.030223150220078
"ridge",10,3,12,0.5,"equal",0.955736224028906,0.086057141135508,0.029799425576401
"ridge",10,4,12,0.5,"equal",0.963311055416319,0.0775302714225222,0.0302596818568769
"ridge",10,5,12,0.5,"equal",0.953121744565595,0.0885347851181564,0.0288499242545716
"ridge",10,6,12,0.5,"equal",0.973887075491354,0.0665815191924666,0.0305233875203416
"ridge",10,7,12,0.5,"equal",0.973395387607668,0.0672232027039476,0.030984514005827
"ridge",10,8,12,0.5,"equal",0.954024585040628,0.0877674811447681,0.0294143794542098
"ridge",10,9,12,0.5,"equal",0.968818652115372,0.0721685150748056,0.028562293564064
"ridge",10,10,12,0.5,"equal",0.963955830265991,0.0772733730828309,0.0339874770064049
"ridge",10,1,12,0.5,"strong",0.886382623224728,0.138566214842265,0.0652532927154441
"ridge",10,2,12,0.5,"strong",0.909874226947398,0.124674982960248,0.0376598816242145
"ridge",10,3,12,0.5,"strong",0.932547433035715,0.105160115659488,0.0370881787977462
"ridge",10,4,12,0.5,"strong",0.853658536585366,0.157893397283618,0.0981906596798509
"ridge",10,5,12,0.5,"strong",0.90970039807249,0.122229381612071,0.0296128665332881
"ridge",10,6,12,0.5,"strong",0.911618460676518,0.120841082390255,0.0421196626049625
"ridge",10,7,12,0.5,"strong",0.904409171075836,0.125374369043184,0.0395247141967415
"ridge",10,8,12,0.5,"strong",0.862851573377889,0.152643533126226,0.0682781469531348
"ridge",10,9,12,0.5,"strong",0.911623303167421,0.118775289830865,0.0556234859698192
"ridge",10,10,12,0.5,"strong",0.910817391304347,0.122142499228025,0.0435229221072278
"ridge",10,1,12,0.5,"noise",0.932494438264739,0.105178731084138,0.0291825422324637
"ridge",10,2,12,0.5,"noise",0.903086763070079,0.126587790624084,0.0831254333180733
"ridge",10,3,12,0.5,"noise",0.894469565217392,0.132732935554212,0.0680764562101385
"ridge",10,4,12,0.5,"noise",0.896151965919408,0.133284827186482,0.110040738542809
"ridge",10,5,12,0.5,"noise",0.884349465744814,0.138169790087233,0.110231494593363
"ridge",10,6,12,0.5,"noise",0.900591304347826,0.129214310663831,0.0795225134903715
"ridge",10,7,12,0.5,"noise",0.87051958877466,0.148235701481067,0.124126158484882
"ridge",10,8,12,0.5,"noise",0.891807379612258,0.133873168105941,0.0545132418614249
"ridge",10,9,12,0.5,"noise",0.917201450892858,0.118744865681898,0.0610047147268917
"ridge",10,10,12,0.5,"noise",0.896741018692238,0.132815169891832,0.084273443533657
"ridge",10,1,12,0.5,"halfnoise",0.781329203041397,0.187267839037277,0.093520771230262
"ridge",10,2,12,0.5,"halfnoise",0.760428253615128,0.200033950050987,0.223647127410162
"ridge",10,3,12,0.5,"halfnoise",0.779498576290021,0.192347053594451,0.174251108785881
"ridge",10,4,12,0.5,"halfnoise",0.817085917357675,0.177885634710592,0.181415640704138
"ridge",10,5,12,0.5,"halfnoise",0.787624140565318,0.189181977672183,0.168823122301133
"ridge",10,6,12,0.5,"halfnoise",0.766937669376694,0.197925419859911,0.150609699126637
"ridge",10,7,12,0.5,"halfnoise",0.884895104895105,0.139223317383363,0.0269751294642238
"ridge",10,8,12,0.5,"halfnoise",0.831411503195333,0.169642337242266,0.107550702479562
"ridge",10,9,12,0.5,"halfnoise",0.771216931216931,0.191760784277194,0.237703694931499
"ridge",10,10,12,0.5,"halfnoise",0.782526712759271,0.189646885233885,0.166245284457242
"ridge",50,1,4,0,"equal",0.693802639849151,0.220344519882712,0.0382026344174546
"ridge",50,2,4,0,"equal",0.755861480979965,0.199685912994775,0.0139841466473114
"ridge",50,3,4,0,"equal",0.78125,0.188273778618083,0.0146972236535155
"ridge",50,4,4,0,"equal",0.738408269771176,0.206113716694146,0.0120450927369937
"ridge",50,5,4,0,"equal",0.722363945578231,0.212454488006177,0.0125252674388891
"ridge",50,6,4,0,"equal",0.749724889955982,0.203531477491084,0.014434795199985
"ridge",50,7,4,0,"equal",0.770025062656641,0.195161054807344,0.0147671940084211
"ridge",50,8,4,0,"equal",0.702445244524452,0.219438858953874,0.0111945590062182
"ridge",50,9,4,0,"equal",0.777525000000001,0.193306653397463,0.0133950902267503
"ridge",50,10,4,0,"equal",0.733508442776735,0.208523298488556,0.0123612171218461
"ridge",50,1,4,0,"strong",0.774723205543421,0.193386377758423,0.0224361148985106
"ridge",50,2,4,0,"strong",0.775559724828017,0.192943008917957,0.0217649312378382
"ridge",50,3,4,0,"strong",0.761106222501572,0.197326474210055,0.020506606121792
"ridge",50,4,4,0,"strong",0.780526315789474,0.191419862493138,0.0222333212994248
"ridge",50,5,4,0,"strong",0.774394359858996,0.194661944827312,0.0226035137456865
"ridge",50,6,4,0,"strong",0.734998499849985,0.208482499269524,0.0193760552656105
"ridge",50,7,4,0,"strong",0.701378446115289,0.218425503677144,0.015631036311236
"ridge",50,8,4,0,"strong",0.721947776993648,0.21175336846075,0.0164008649455506
"ridge",50,9,4,0,"strong",0.754666800481735,0.201322200808412,0.0212903443457578
"ridge",50,10,4,0,"strong",0.724098051539912,0.211852684772052,0.0168020886952763
"ridge",50,1,4,0,"noise",0.664491612290307,0.230328327213369,0.0592946950436988
"ridge",50,2,4,0,"noise",0.666716671667166,0.23008310698613,0.0469808195718631
"ridge",50,3,4,0,"noise",0.629531521985923,0.236072986041806,0.0677325213792687
"ridge",50,4,4,0,"noise",0.62393932567395,0.238052732253506,0.0682530216883627
"ridge",50,5,4,0,"noise",0.687619047619047,0.22363244975295,0.0220514588668547
"ridge",50,6,4,0,"noise",0.590050125313284,0.243529767072909,0.139189128694368
"ridge",50,7,4,0,"noise",0.641135390853796,0.234632342148198,0.0694496559710959
"ridge",50,8,4,0,"noise",0.678777724988121,0.226810112805693,0.0347158721948198
"ridge",50,9,4,0,"noise",0.640531212484994,0.234105899213986,0.051287545688451
"ridge",50,10,4,0,"noise",0.665114765587845,0.230465089341206,0.0591929589153835
"ridge",50,1,4,0,"halfnoise",0.617105954794624,0.239267669485216,0.0489560155351024
"ridge",50,2,4,0,"halfnoise",0.625762576257625,0.238476386619949,0.0597149174012066
"ridge",50,3,4,0,"halfnoise",0.618222968161937,0.2355824473939,0.0517671938343102
"ridge",50,4,4,0,"halfnoise",0.628941511840164,0.236092940256135,0.0390974332006661
"ridge",50,5,4,0,"halfnoise",0.627066916823014,0.237269183553143,0.0532927573368087
"ridge",50,6,4,0,"halfnoise",0.615796318527411,0.240679944494361,0.109418293315355
"ridge",50,7,4,0,"halfnoise",0.592211884753901,0.244559670672908,0.223537558337325
"ridge",50,8,4,0,"halfnoise",0.579929286090423,0.24383084647184,0.160421428226344
"ridge",50,9,4,0,"halfnoise",0.591636654661864,0.244448151238268,0.183991585722472
"ridge",50,10,4,0,"halfnoise",0.635138513851386,0.234972632863905,0.0421469581159425
"ridge",50,1,4,0.5,"equal",0.808019961689686,0.177882451389317,0.0301252753360494
"ridge",50,2,4,0.5,"equal",0.815276110444178,0.176668112172372,0.0234131767239215
"ridge",50,3,4,0.5,"equal",0.850906816760476,0.157183582348787,0.0252540444916211
"ridge",50,4,4,0.5,"equal",0.823414291449217,0.171350679084998,0.023455653093486
"ridge",50,5,4,0.5,"equal",0.844409401516857,0.160426921457938,0.0240221215877408
"ridge",50,6,4,0.5,"equal",0.809898959583833,0.177938657634906,0.0290238084267632
"ridge",50,7,4,0.5,"equal",0.833082102301276,0.166577752212337,0.0244742645330687
"ridge",50,8,4,0.5,"equal",0.85686774709884,0.154758161060061,0.0246399513245317
"ridge",50,9,4,0.5,"equal",0.849939975990396,0.158770620074696,0.0256484448718871
"ridge",50,10,4,0.5,"equal",0.810591447681556,0.176729137957241,0.0221397761071784
"ridge",50,1,4,0.5,"strong",0.832370809270232,0.168497031260948,0.0258007814324585
"ridge",50,2,4,0.5,"strong",0.8129,0.176974093343969,0.0257939850654277
"ridge",50,3,4,0.5,"strong",0.748724872487249,0.203436013272041,0.031737743566087
"ridge",50,4,4,0.5,"strong",0.815045376134404,0.175963657397674,0.0265414692063305
"ridge",50,5,4,0.5,"strong",0.79468671679198,0.184604440888015,0.0234582557050484
"ridge",50,6,4,0.5,"strong",0.825743168851967,0.171895319561676,0.0251573980704966
"ridge",50,7,4,0.5,"strong",0.796519912997825,0.184399936772983,0.0245432622216376
"ridge",50,8,4,0.5,"strong",0.808171186611554,0.177416432326539,0.0239475612558047
"ridge",50,9,4,0.5,"strong",0.77227972098411,0.192308405624297,0.0220795270605583
"ridge",50,10,4,0.5,"strong",0.812984277439254,0.177913419054394,0.0243675805338065
"ridge",50,1,4,0.5,"noise",0.666499661815175,0.228410872291097,0.0865666019496168
"ridge",50,2,4,0.5,"noise",0.674354336247614,0.226491246605917,0.0601317418865771
"ridge",50,3,4,0.5,"noise",0.706208731892245,0.217740078068044,0.0418874966810692
"ridge",50,4,4,0.5,"noise",0.701915593382039,0.218247788104355,0.0772539164754131
"ridge",50,5,4,0.5,"noise",0.664940587867417,0.228023433355083,0.0894390624371146
"ridge",50,6,4,0.5,"noise",0.660223550298818,0.231950637050657,0.118250144713494
"ridge",50,7,4,0.5,"noise",0.667041901188243,0.229349955162123,0.10442232887279
"ridge",50,8,4,0.5,"noise",0.692292307307683,0.222973853493178,0.099774803913049
"ridge",50,9,4,0.5,"noise",0.689369477610072,0.223210054180331,0.0941917502153901
"ridge",50,10,4,0.5,"noise",0.68028725853268,0.228035157000651,0.0983447387848749
"ridge",50,1,4,0.5,"halfnoise",0.660741518537963,0.230093272399335,0.0573822130246845
"ridge",50,2,4,0.5,"halfnoise",0.640675322061192,0.233875317779284,0.057748875184626
"ridge",50,3,4,0.5,"halfnoise",0.643116077901948,0.235280881989512,0.0570259183591007
"ridge",50,4,4,0.5,"halfnoise",0.666875187668901,0.227847560362874,0.0460981793672228
"ridge",50,5,4,0.5,"halfnoise",0.653261304521808,0.232710041494174,0.0608846469858769
"ridge",50,6,4,0.5,"halfnoise",0.646511627906978,0.233327220266265,0.0483700956743004
"ridge",50,7,4,0.5,"halfnoise",0.637068340376584,0.236417930416679,0.123922330113703
"ridge",50,8,4,0.5,"halfnoise",0.661516537913448,0.230155054435952,0.140729357522712
"ridge",50,9,4,0.5,"halfnoise",0.646179693573058,0.231880585921886,0.0639408891945837
"ridge",50,10,4,0.5,"halfnoise",0.657844611528822,0.228793732930034,0.0637335770833135
"ridge",50,1,8,0,"equal",0.804440842176691,0.179716392632733,0.0116740898389808
"ridge",50,2,8,0,"equal",0.830927023175579,0.168080145374594,0.0129211357282554
"ridge",50,3,8,0,"equal",0.817329580988117,0.174806134441133,0.0117149878384079
"ridge",50,4,8,0,"equal",0.774686716791979,0.192746799487253,0.0121412611991097
"ridge",50,5,8,0,"equal",0.822189304732619,0.172667784098913,0.0123526981982354
"ridge",50,6,8,0,"equal",0.826981802708319,0.170388679007247,0.0119585318533658
"ridge",50,7,8,0,"equal",0.800801295072849,0.181919249503572,0.0112574781478675
"ridge",50,8,8,0,"equal",0.810094771323547,0.177991402122225,0.0113342115529804
"ridge",50,9,8,0,"equal",0.800370669521824,0.18206756203176,0.0103451518704509
"ridge",50,10,8,0,"equal",0.79973221715437,0.182715841240064,0.0111598515967078
"ridge",50,1,8,0,"strong",0.759385098039216,0.199382990243215,0.0190608881461545
"ridge",50,2,8,0,"strong",0.759507599202256,0.198926096314905,0.0200936058002785
"ridge",50,3,8,0,"strong",0.779640568838881,0.191777035679315,0.0201584479634203
"ridge",50,4,8,0,"strong",0.740887843137255,0.205034856308902,0.0176240663440059
"ridge",50,5,8,0,"strong",0.796716528650205,0.184263186578778,0.0209727730442659
"ridge",50,6,8,0,"strong",0.761888678312975,0.199490055691048,0.0181854615372972
"ridge",50,7,8,0,"strong",0.774114904204714,0.193308099702092,0.0202176244463002
"ridge",50,8,8,0,"strong",0.72635555638952,0.211389395047415,0.0160708940364705
"ridge",50,9,8,0,"strong",0.783734335839599,0.190649074288481,0.019183367265249
"ridge",50,10,8,0,"strong",0.75464570081124,0.20055366959833,0.0185876911363047
"ridge",50,1,8,0,"noise",0.712709048932936,0.215437767276422,0.00898398740471924
"ridge",50,2,8,0,"noise",0.677862165963432,0.22531294402969,0.0198400705270694
"ridge",50,3,8,0,"noise",0.730332864510079,0.210568979601696,0.0116018943896538
"ridge",50,4,8,0,"noise",0.719349353604561,0.213260113575294,0.015158977959788
"ridge",50,5,8,0,"noise",0.673705266447883,0.226833505262875,0.026913847231765
"ridge",50,6,8,0,"noise",0.734283708217358,0.209277257395968,0.0141829465394181
"ridge",50,7,8,0,"noise",0.716634126805338,0.213891307241967,0.00893784580376748
"ridge",50,8,8,0,"noise",0.705528846153846,0.217818579146381,0.0166358252625788
"ridge",50,9,8,0,"noise",0.727495903208995,0.21072152398332,0.0216654823893574
"ridge",50,10,8,0,"noise",0.725318770510283,0.21089819621121,0.0162026088306599
"ridge",50,1,8,0,"halfnoise",0.614596614915373,0.24003212676762,0.0476064725983641
"ridge",50,2,8,0,"halfnoise",0.679506500165709,0.225066448541253,0.0269148833571229
"ridge",50,3,8,0,"halfnoise",0.669866686666791,0.227680688730703,0.0360244844150324
"ridge",50,4,8,0,"halfnoise",0.66717979524918,0.227364380135567,0.035635180458193
"ridge",50,5,8,0,"halfnoise",0.643262997171535,0.234666529794913,0.0447512597013599
"ridge",50,6,8,0,"halfnoise",0.654035100877522,0.232323840921852,0.0444899864044605
"ridge",50,7,8,0,"halfnoise",0.687457376854302,0.222855209993051,0.0189999328401607
"ridge",50,8,8,0,"halfnoise",0.678365096038415,0.226343656848606,0.0357634148203516
"ridge",50,9,8,0,"halfnoise",0.649061275015473,0.23311260432727,0.0380131063280176
"ridge",50,10,8,0,"halfnoise",0.656869916411902,0.231286922860782,0.0340769822684887
"ridge",50,1,8,0.5,"equal",0.927889693795275,0.108898521412259,0.0269594187350028
"ridge",50,2,8,0.5,"equal",0.906757255095598,0.124721421569282,0.025460287907717
"ridge",50,3,8,0.5,"equal",0.937606292517008,0.101778969650447,0.0279760452048394
"ridge",50,4,8,0.5,"equal",0.919980282615839,0.113357191739495,0.0276743921584757
"ridge",50,5,8,0.5,"equal",0.922048522928932,0.112087473037562,0.026780427897212
"ridge",50,6,8,0.5,"equal",0.935185937881054,0.103080100232128,0.0286779662383894
"ridge",50,7,8,0.5,"equal",0.9327454659162,0.102606364958333,0.0280713030811445
"ridge",50,8,8,0.5,"equal",0.925249532809578,0.110492452592471,0.0268557304053058
"ridge",50,9,8,0.5,"equal",0.923048554855487,0.112073315689871,0.0270166004498871
"ridge",50,10,8,0.5,"equal",0.91552905290529,0.118367109287153,0.0268671032887346
"ridge",50,1,8,0.5,"strong",0.850405208751504,0.157760716091603,0.02644384141076
"ridge",50,2,8,0.5,"strong",0.848964593349359,0.158573678739762,0.0265190596254007
"ridge",50,3,8,0.5,"strong",0.859645825894676,0.15230800707873,0.0271350801641944
"ridge",50,4,8,0.5,"strong",0.852952573814346,0.156540841158211,0.0273318266123537
"ridge",50,5,8,0.5,"strong",0.866997015597725,0.148508577593862,0.0280819502817548
"ridge",50,6,8,0.5,"strong",0.845789562700845,0.160251901372049,0.025895248706715
"ridge",50,7,8,0.5,"strong",0.839064726618165,0.163980111301276,0.0265617656765778
"ridge",50,8,8,0.5,"strong",0.828840742295952,0.169182717834552,0.0250128449179576
"ridge",50,9,8,0.5,"strong",0.858759181122051,0.153581480113414,0.0274780672919423
"ridge",50,10,8,0.5,"strong",0.860031512605042,0.152833324250118,0.0267998918137591
"ridge",50,1,8,0.5,"noise",0.836223338064896,0.164648592088461,0.0232686046920026
"ridge",50,2,8,0.5,"noise",0.818215346147836,0.17411759385229,0.0397484732534568
"ridge",50,3,8,0.5,"noise",0.846091342638023,0.160348147254341,0.0370507447525592
"ridge",50,4,8,0.5,"noise",0.800782813125249,0.183356669861741,0.0563486880300861
"ridge",50,5,8,0.5,"noise",0.823945598639966,0.171451838904638,0.0357174109752015
"ridge",50,6,8,0.5,"noise",0.820387923468492,0.172925982248754,0.0491928488079007
"ridge",50,7,8,0.5,"noise",0.810630770774789,0.177471455425823,0.032542363795866
"ridge",50,8,8,0.5,"noise",0.810241886577764,0.177779450555415,0.0212118561054115
"ridge",50,9,8,0.5,"noise",0.836581980945712,0.165092603490619,0.0230323151550855
"ridge",50,10,8,0.5,"noise",0.847434422745118,0.159940276018345,0.0327373681037359
"ridge",50,1,8,0.5,"halfnoise",0.701541884636779,0.218883395688192,0.0427025526267826
"ridge",50,2,8,0.5,"halfnoise",0.735343058752878,0.208297623465084,0.027541811427399
"ridge",50,3,8,0.5,"halfnoise",0.740581249999999,0.205764414320292,0.0518778927702472
"ridge",50,4,8,0.5,"halfnoise",0.716018734484333,0.216299592064849,0.0521521788541379
"ridge",50,5,8,0.5,"halfnoise",0.75661722885768,0.200681779885016,0.0657956128181247
"ridge",50,6,8,0.5,"halfnoise",0.751633372797374,0.202107386100047,0.0621739535918255
"ridge",50,7,8,0.5,"halfnoise",0.725334550068441,0.212178268701936,0.042535090177859
"ridge",50,8,8,0.5,"halfnoise",0.722416560094286,0.2112070767909,0.0673040270369042
"ridge",50,9,8,0.5,"halfnoise",0.726024400610016,0.211634015100304,0.0524966245545801
"ridge",50,10,8,0.5,"halfnoise",0.724611764705882,0.210639244804563,0.077221020965369
"ridge",50,1,12,0,"equal",0.839249947913049,0.164217637402515,0.0106416177565302
"ridge",50,2,12,0,"equal",0.842534113060429,0.161213994717822,0.0112292331333153
"ridge",50,3,12,0,"equal",0.852463024080185,0.156879515656204,0.0101552234587263
"ridge",50,4,12,0,"equal",0.851146406038599,0.157789963671459,0.0109871612639879
"ridge",50,5,12,0,"equal",0.846826525623363,0.160308501428317,0.0107056530624918
"ridge",50,6,12,0,"equal",0.828519514580369,0.169297315115299,0.0100561808760152
"ridge",50,7,12,0,"equal",0.843118931802569,0.162152729004052,0.0109402481995854
"ridge",50,8,12,0,"equal",0.842251322280992,0.162405170622312,0.0105133379419531
"ridge",50,9,12,0,"equal",0.847345329829406,0.159495901624705,0.0102871049444258
"ridge",50,10,12,0,"equal",0.868801675853485,0.148010117993733,0.0104445018515891
"ridge",50,1,12,0,"strong",0.796945003390735,0.184910172097182,0.0206520561570836
"ridge",50,2,12,0,"strong",0.763786111111112,0.197969370522833,0.0181692515017118
"ridge",50,3,12,0,"strong",0.765728967103122,0.197048319422303,0.0192795476150611
"ridge",50,4,12,0,"strong",0.771280930250669,0.194819918882545,0.01924513908557
"ridge",50,5,12,0,"strong",0.77798570232928,0.192110823230247,0.01955272206451
"ridge",50,6,12,0,"strong",0.781233658585432,0.190850598035986,0.0204868992078167
"ridge",50,7,12,0,"strong",0.781216737857495,0.191275033357503,0.0196928910952017
"ridge",50,8,12,0,"strong",0.782888285800794,0.189965433571069,0.0191684287576346
"ridge",50,9,12,0,"strong",0.796107061370477,0.184642296734467,0.0224443894553339
"ridge",50,10,12,0,"strong",0.784388641737917,0.189673450862802,0.0198514785435162
"ridge",50,1,12,0,"noise",0.746307981659545,0.203919655894767,0.00855810535034461
"ridge",50,2,12,0,"noise",0.742568266546951,0.204437648114967,0.00821759319457589
"ridge",50,3,12,0,"noise",0.739550833481904,0.206312322422268,0.0114268942127943
"ridge",50,4,12,0,"noise",0.765331057432218,0.196469431923882,0.0115523489154439
"ridge",50,5,12,0,"noise",0.708804778109592,0.216863277506056,0.0181931935929843
"ridge",50,6,12,0,"noise",0.758016957960819,0.199597044288695,0.0124415449184707
"ridge",50,7,12,0,"noise",0.751425735251181,0.202585120538052,0.0145801202309159
"ridge",50,8,12,0,"noise",0.743874442752167,0.205198044238345,0.0127582125541634
"ridge",50,9,12,0,"noise",0.74555617352614,0.204029466579181,0.0143119607514776
"ridge",50,10,12,0,"noise",0.770961378160599,0.195191074347623,0.0088564947829923
"ridge",50,1,12,0,"halfnoise",0.689524407488797,0.223390912127457,0.031584758861937
"ridge",50,2,12,0,"halfnoise",0.705827601966314,0.217082489173493,0.0164470995732403
"ridge",50,3,12,0,"halfnoise",0.682178963247775,0.225521346226968,0.026348566151906
"ridge",50,4,12,0,"halfnoise",0.684938433499289,0.225042743801895,0.0249472337797392
"ridge",50,5,12,0,"halfnoise",0.677217988038006,0.225499733171962,0.0257805070535655
"ridge",50,6,12,0,"halfnoise",0.669519515765673,0.228575881884871,0.0335059671944006
"ridge",50,7,12,0,"halfnoise",0.691383717699361,0.222527035415535,0.0208797873645095
"ridge",50,8,12,0,"halfnoise",0.704153331535234,0.218348557725846,0.0203629871243677
"ridge",50,9,12,0,"halfnoise",0.672312381396926,0.226538809008575,0.029005050227771
"ridge",50,10,12,0,"halfnoise",0.697638443732193,0.219597425453938,0.0150848439554534
"ridge",50,1,12,0.5,"equal",0.962446244624462,0.0782898579249405,0.0288613624173252
"ridge",50,2,12,0.5,"equal",0.961537820448708,0.0793056909467476,0.0287289093701487
"ridge",50,3,12,0.5,"equal",0.960301013378371,0.0802565267835613,0.0277706357471274
"ridge",50,4,12,0.5,"equal",0.958310022239479,0.083061448936153,0.0286272912626943
"ridge",50,5,12,0.5,"equal",0.963980404538894,0.076652540425077,0.0292688295140691
"ridge",50,6,12,0.5,"equal",0.950018889098766,0.0906780259795908,0.0281035136403533
"ridge",50,7,12,0.5,"equal",0.95485956680306,0.0870004821416818,0.0275797899772832
"ridge",50,8,12,0.5,"equal",0.961176673222878,0.0796029297398218,0.0285610136009884
"ridge",50,9,12,0.5,"equal",0.958240511292997,0.0834483259249601,0.029111375253929
"ridge",50,10,12,0.5,"equal",0.957168657960545,0.0841733282164016,0.0287528260712755
"ridge",50,1,12,0.5,"strong",0.87993009094856,0.141146006011767,0.0276107219578912
"ridge",50,2,12,0.5,"strong",0.877730812013349,0.142739634232542,0.0278664176957114
"ridge",50,3,12,0.5,"strong",0.890598285846137,0.13433012189878,0.029066073557876
"ridge",50,4,12,0.5,"strong",0.898115534617051,0.129485519189614,0.0288400975208831
"ridge",50,5,12,0.5,"strong",0.883998043661912,0.138854921260686,0.0283558165377687
"ridge",50,6,12,0.5,"strong",0.898683578200566,0.129487381723037,0.0285152738914026
"ridge",50,7,12,0.5,"strong",0.899655276820213,0.128636680933171,0.0297215628660232
"ridge",50,8,12,0.5,"strong",0.881608445030906,0.140323218683069,0.0273175533690973
"ridge",50,9,12,0.5,"strong",0.88633307775222,0.137102216595094,0.0274274901635613
"ridge",50,10,12,0.5,"strong",0.90686363017675,0.122601641011752,0.0296033693712462
"ridge",50,1,12,0.5,"noise",0.902466754136277,0.127199019106001,0.0258988695174435
"ridge",50,2,12,0.5,"noise",0.888740382184012,0.135589731762061,0.0309593274500059
"ridge",50,3,12,0.5,"noise",0.887610983320555,0.13692929835617,0.0252212839988882
"ridge",50,4,12,0.5,"noise",0.894736842105264,0.13051451854542,0.0250904590788718
"ridge",50,5,12,0.5,"noise",0.889027833355566,0.135518129061754,0.025410083638273
"ridge",50,6,12,0.5,"noise",0.89818553709936,0.129748722041213,0.0256498317532295
"ridge",50,7,12,0.5,"noise",0.891024056052077,0.133965960591943,0.0325134309506029
"ridge",50,8,12,0.5,"noise",0.891452307076368,0.133954571892221,0.0250457741146261
"ridge",50,9,12,0.5,"noise",0.900450940409659,0.127710534018915,0.0258569375179622
"ridge",50,10,12,0.5,"noise",0.877007184120664,0.141366133753827,0.0239295768676342
"ridge",50,1,12,0.5,"halfnoise",0.804292806520889,0.180595973252169,0.0293137707522243
"ridge",50,2,12,0.5,"halfnoise",0.804475605284504,0.180705436971848,0.0330668672452076
"ridge",50,3,12,0.5,"halfnoise",0.774098201263976,0.194004177437906,0.0367305095696197
"ridge",50,4,12,0.5,"halfnoise",0.803421822672705,0.180795850825791,0.0351754639734919
"ridge",50,5,12,0.5,"halfnoise",0.802544621154245,0.181340457661015,0.0209467622824162
"ridge",50,6,12,0.5,"halfnoise",0.78377094537535,0.189211070904966,0.0694964326309897
"ridge",50,7,12,0.5,"halfnoise",0.790227099104105,0.187128632574229,0.054069928059522
"ridge",50,8,12,0.5,"halfnoise",0.809305413573938,0.178585113142468,0.0309359504877212
"ridge",50,9,12,0.5,"halfnoise",0.789302487631523,0.186357176373296,0.0488069215283499
"ridge",50,10,12,0.5,"halfnoise",0.784442900805779,0.189287717473143,0.059087150739659
