"rMPSE","MAPE","Brier","EPV","P","rho","beta_pattern","sim"
0.170061125743697,0.137542240625754,0.236391512,5,4,0,"equal",1
0.252171750050832,0.206017248574415,0.2708053804,5,4,0,"equal",2
0.159961010462133,0.129460336044223,0.233294158,5,4,0,"equal",3
0.196044799006172,0.157794237001658,0.2493076472,5,4,0,"equal",4
0.161538622671605,0.128551872243317,0.233503482,5,4,0,"equal",5
0.208458350464324,0.170732254292915,0.2488173968,5,4,0,"equal",6
0.198947914227836,0.164571435444679,0.2454944084,5,4,0,"equal",7
0.241498770144349,0.193782368289994,0.2684851608,5,4,0,"equal",8
0.183347277595584,0.143589299163519,0.2424876004,5,4,0,"equal",9
0.202545873829842,0.156096182736187,0.2482717984,5,4,0,"equal",10
0.258026520646942,0.212075419988638,0.2731436172,5,4,0,"strong",1
0.244025194626373,0.196567481709687,0.2621203716,5,4,0,"strong",2
0.257298730376604,0.215849160686482,0.2700315904,5,4,0,"strong",3
0.216997793075095,0.180833059405392,0.2543366556,5,4,0,"strong",4
0.212845714113238,0.176327132135286,0.2520048892,5,4,0,"strong",5
0.224686863438457,0.186822574650121,0.2528668996,5,4,0,"strong",6
0.186242035167782,0.150232651009659,0.2374563248,5,4,0,"strong",7
0.2410555139059,0.19464403599713,0.2602443352,5,4,0,"strong",8
0.226468078037071,0.18794701595178,0.2541594764,5,4,0,"strong",9
0.132610124221675,0.107660799684937,0.2200089328,5,4,0,"strong",10
0.178962040795443,0.152159590865254,0.2668532896,5,4,0,"noise",1
0.165963151175856,0.136808423018502,0.2637580724,5,4,0,"noise",2
0.252196103819008,0.221262541063063,0.301115616,5,4,0,"noise",3
0.191546961091917,0.157175490145618,0.2734620332,5,4,0,"noise",4
0.220329173736635,0.1849608540619,0.2832257996,5,4,0,"noise",5
0.168501506487067,0.139408560730728,0.2646139628,5,4,0,"noise",6
0.18106272656228,0.145008742931422,0.2678641024,5,4,0,"noise",7
0.153546275453802,0.126260108875681,0.2581796432,5,4,0,"noise",8
0.175056782800624,0.145155731544088,0.2653725024,5,4,0,"noise",9
0.171988895832455,0.139904011128846,0.2655189284,5,4,0,"noise",10
0.183742795644227,0.15098107746185,0.271091326,5,4,0,"halfnoise",1
0.229917995405196,0.197401713913666,0.2942282736,5,4,0,"halfnoise",2
0.271299311835651,0.22925736744986,0.3157794136,5,4,0,"halfnoise",3
0.281621355823447,0.243013507753095,0.3238739828,5,4,0,"halfnoise",4
0.21378385716984,0.176507649952407,0.2864790644,5,4,0,"halfnoise",5
0.165752614945542,0.132722578676451,0.2680578644,5,4,0,"halfnoise",6
0.161872711802129,0.129557627981397,0.2680435936,5,4,0,"halfnoise",7
0.200700787412984,0.166699757513479,0.2764552416,5,4,0,"halfnoise",8
0.163929633055915,0.137314272689083,0.2666605816,5,4,0,"halfnoise",9
0.166076291580685,0.134936932123312,0.267881692,5,4,0,"halfnoise",10
0.236799502456639,0.17323355898957,0.2270348976,5,4,0.5,"equal",1
0.145466348506548,0.108334427698987,0.1929816396,5,4,0.5,"equal",2
0.17887311495281,0.136450338856036,0.212588356,5,4,0.5,"equal",3
0.143151683305565,0.113120555808271,0.1914623028,5,4,0.5,"equal",4
0.200535911929026,0.163302651496385,0.2135474272,5,4,0.5,"equal",5
0.20797050400416,0.165367317090667,0.2150739304,5,4,0.5,"equal",6
0.174550426822404,0.134845387540781,0.201519124,5,4,0.5,"equal",7
0.137151276988496,0.102206859137014,0.1911443168,5,4,0.5,"equal",8
0.170705544474991,0.139313257800099,0.2025478044,5,4,0.5,"equal",9
0.174196404932275,0.136636002242493,0.1986766132,5,4,0.5,"equal",10
0.16685645001563,0.134079779182313,0.2137782656,5,4,0.5,"strong",1
0.259996249924348,0.212049720305595,0.2499207028,5,4,0.5,"strong",2
0.134923367649939,0.107563958570855,0.2071902172,5,4,0.5,"strong",3
0.170371039426809,0.140556897544901,0.2142505404,5,4,0.5,"strong",4
0.195883638894238,0.159719175735834,0.2216584528,5,4,0.5,"strong",5
0.160273442134153,0.133187526626437,0.2078758156,5,4,0.5,"strong",6
0.183761569043751,0.14671601451833,0.2183140232,5,4,0.5,"strong",7
0.136620024578657,0.109068013856016,0.2051123852,5,4,0.5,"strong",8
0.241425494357097,0.208281487150939,0.2399727292,5,4,0.5,"strong",9
0.195849602020298,0.161533838284138,0.2237532396,5,4,0.5,"strong",10
0.192379396890897,0.163421091909772,0.2570906724,5,4,0.5,"noise",1
0.171371932569181,0.134933893676719,0.2509721444,5,4,0.5,"noise",2
0.209860597694669,0.168680591413294,0.2658544884,5,4,0.5,"noise",3
0.172344457126691,0.141089874259926,0.252452856,5,4,0.5,"noise",4
0.210239671947172,0.176251301043948,0.2606762092,5,4,0.5,"noise",5
0.189424531856862,0.160323565878378,0.256970008,5,4,0.5,"noise",6
0.161086301424867,0.128699857985292,0.249857542,5,4,0.5,"noise",7
0.254709207034748,0.197736106521039,0.2851141456,5,4,0.5,"noise",8
0.181672783173494,0.153061220466134,0.2586311792,5,4,0.5,"noise",9
0.242941805092021,0.200004145136939,0.2830898724,5,4,0.5,"noise",10
0.178791703156369,0.146720665599532,0.271202846,5,4,0.5,"halfnoise",1
0.265913325417743,0.209944138417451,0.3072603036,5,4,0.5,"halfnoise",2
0.252759946372824,0.210303096204957,0.2997264008,5,4,0.5,"halfnoise",3
0.158452498785167,0.132615479610205,0.2592304676,5,4,0.5,"halfnoise",4
0.194549452921043,0.156438740404145,0.2711687072,5,4,0.5,"halfnoise",5
0.264718839327084,0.23320231725885,0.3025842536,5,4,0.5,"halfnoise",6
0.2270861034248,0.195249049812945,0.2862402988,5,4,0.5,"halfnoise",7
0.230386259719993,0.194546862823131,0.2876115648,5,4,0.5,"halfnoise",8
0.22193717070707,0.182767429513654,0.2873262328,5,4,0.5,"halfnoise",9
0.205748555569263,0.173834447100277,0.280401494,5,4,0.5,"halfnoise",10
0.185628185979949,0.150672722655412,0.21572105,5,8,0,"equal",1
0.22056201736159,0.179937176747754,0.233042444,5,8,0,"equal",2
0.178131065761754,0.148511141164748,0.2139938208,5,8,0,"equal",3
0.207440911372549,0.167367961135458,0.2263487896,5,8,0,"equal",4
0.229113943408839,0.190920824062139,0.234107208,5,8,0,"equal",5
0.173876661356891,0.13880625798772,0.2122160304,5,8,0,"equal",6
0.192825916099128,0.157687379253535,0.2178170944,5,8,0,"equal",7
0.172511202062775,0.142601588148651,0.212622696,5,8,0,"equal",8
0.174231878802003,0.140987442365332,0.2097725644,5,8,0,"equal",9
0.208439928394296,0.171384199694705,0.2263744568,5,8,0,"equal",10
0.151023455466979,0.121142169081541,0.2231583756,5,8,0,"strong",1
0.212274181981044,0.168798599566685,0.2412117868,5,8,0,"strong",2
0.136354022576866,0.108451277251706,0.2184898324,5,8,0,"strong",3
0.150896640137653,0.119948941921484,0.220089552,5,8,0,"strong",4
0.180179848692672,0.149223326666853,0.2306223252,5,8,0,"strong",5
0.144835447886835,0.115202431596153,0.220153358,5,8,0,"strong",6
0.178867501810524,0.14243143602346,0.2301088688,5,8,0,"strong",7
0.209935360995976,0.173343964969802,0.2445317768,5,8,0,"strong",8
0.193927331293607,0.1574264053681,0.2352971424,5,8,0,"strong",9
0.219215531712634,0.181632773621989,0.24845417,5,8,0,"strong",10
0.160977212206288,0.12921359186231,0.2455158812,5,8,0,"noise",1
0.173448514098554,0.141589619194658,0.2503895652,5,8,0,"noise",2
0.170992542123405,0.138332410065126,0.2476946028,5,8,0,"noise",3
0.134192513777837,0.10716940518505,0.2372744212,5,8,0,"noise",4
0.170725144321642,0.138625856187526,0.2494295336,5,8,0,"noise",5
0.183461451949154,0.14893408649833,0.2527793604,5,8,0,"noise",6
0.154373857075059,0.124594763946025,0.2438956888,5,8,0,"noise",7
0.131823152361214,0.105458188053928,0.2385169468,5,8,0,"noise",8
0.194297575810726,0.16126951445468,0.258756284,5,8,0,"noise",9
0.173859346905634,0.138462893317433,0.2511562676,5,8,0,"noise",10
0.173144217767862,0.140077269624774,0.2610604244,5,8,0,"halfnoise",1
0.141734625261367,0.112599135142914,0.2517016004,5,8,0,"halfnoise",2
0.166782388217287,0.135778605760232,0.25999307,5,8,0,"halfnoise",3
0.164532276376292,0.134435328008246,0.2564641608,5,8,0,"halfnoise",4
0.162365020224406,0.130876925874288,0.2570943028,5,8,0,"halfnoise",5
0.142178280496476,0.115568349328791,0.25342123,5,8,0,"halfnoise",6
0.14883318304757,0.119211440082971,0.2517780028,5,8,0,"halfnoise",7
0.137438014329564,0.113686521334605,0.2529710832,5,8,0,"halfnoise",8
0.155021949874993,0.125385417246424,0.2579631796,5,8,0,"halfnoise",9
0.157872231982104,0.12926768895983,0.2572458136,5,8,0,"halfnoise",10
0.117124382483619,0.0858587147150935,0.128691292,5,8,0.5,"equal",1
0.114158626491823,0.0800712715469851,0.1249638124,5,8,0.5,"equal",2
0.122488845282868,0.0894487727722371,0.1291614036,5,8,0.5,"equal",3
0.10746514183497,0.081991540033085,0.1277088216,5,8,0.5,"equal",4
0.101798938407303,0.0759378000796172,0.1239384328,5,8,0.5,"equal",5
0.159580775930916,0.121879146686533,0.13639336,5,8,0.5,"equal",6
0.115023158078249,0.0810820914587008,0.1285575532,5,8,0.5,"equal",7
0.118885274803086,0.0895510956775033,0.1295954744,5,8,0.5,"equal",8
0.138425786329953,0.105685944509852,0.1345008576,5,8,0.5,"equal",9
0.148060770417146,0.110352797038376,0.1375400224,5,8,0.5,"equal",10
0.11798495576549,0.0902682234148518,0.1697683668,5,8,0.5,"strong",1
0.165747079480194,0.136208748049856,0.1847027156,5,8,0.5,"strong",2
0.14867712141385,0.117068532715712,0.1792430388,5,8,0.5,"strong",3
0.102621895643054,0.077691882314558,0.166191342,5,8,0.5,"strong",4
0.163866309111868,0.129181353548286,0.1837784428,5,8,0.5,"strong",5
0.123700643588447,0.0970580130758348,0.172422202,5,8,0.5,"strong",6
0.110334145991276,0.0849008563801924,0.1700635888,5,8,0.5,"strong",7
0.152879852946091,0.117055697797993,0.1786440504,5,8,0.5,"strong",8
0.145659606777339,0.110878512223932,0.1793551996,5,8,0.5,"strong",9
0.124857642675091,0.0978038536039582,0.1712258496,5,8,0.5,"strong",10
0.173706515710476,0.141959537481704,0.199208024,5,8,0.5,"noise",1
0.169452640142684,0.137859571401282,0.2011977996,5,8,0.5,"noise",2
0.112958850428223,0.0891455833726521,0.1876393852,5,8,0.5,"noise",3
0.138936365662701,0.106978818575707,0.1897680036,5,8,0.5,"noise",4
0.209952480821074,0.16250966184399,0.2188362344,5,8,0.5,"noise",5
0.1992379500463,0.159580633771953,0.21393231,5,8,0.5,"noise",6
0.107739691963663,0.0839995575842162,0.1849915388,5,8,0.5,"noise",7
0.136044255191949,0.109029587065912,0.192417072,5,8,0.5,"noise",8
0.157443437919754,0.127423703904913,0.1968067632,5,8,0.5,"noise",9
0.118195920603797,0.0932690628392163,0.1841471916,5,8,0.5,"noise",10
0.150501645313679,0.119508616682836,0.230853422,5,8,0.5,"halfnoise",1
0.136672669900912,0.109558802496284,0.227654766,5,8,0.5,"halfnoise",2
0.154154635001824,0.129079207002266,0.2292458936,5,8,0.5,"halfnoise",3
0.148988535059517,0.121207142041537,0.229934078,5,8,0.5,"halfnoise",4
0.150507242191388,0.125148935774255,0.231188436,5,8,0.5,"halfnoise",5
0.130826504083719,0.106911517289302,0.2237955244,5,8,0.5,"halfnoise",6
0.137123905089945,0.110708260300863,0.2285228568,5,8,0.5,"halfnoise",7
0.148654387478072,0.121243911976236,0.2308983304,5,8,0.5,"halfnoise",8
0.142423745345063,0.110934009971099,0.2308172456,5,8,0.5,"halfnoise",9
0.128720814319676,0.101574088994453,0.2231744052,5,8,0.5,"halfnoise",10
0.203049096931488,0.171325828050085,0.2063251224,5,12,0,"equal",1
0.196672504889571,0.165090074234954,0.204730034,5,12,0,"equal",2
0.225458523725879,0.186715016486679,0.2137912224,5,12,0,"equal",3
0.217458358400476,0.180395575374002,0.2086851432,5,12,0,"equal",4
0.227149964118857,0.193397611804736,0.2151254268,5,12,0,"equal",5
0.216502290113473,0.18080987607006,0.2103783132,5,12,0,"equal",6
0.208803842477132,0.176236518695501,0.2102029392,5,12,0,"equal",7
0.205870938077571,0.16789477953352,0.2077693584,5,12,0,"equal",8
0.197669913745064,0.167219599886353,0.2025505728,5,12,0,"equal",9
0.228035411532184,0.194153453901241,0.216402504,5,12,0,"equal",10
0.170749572408473,0.140327628732253,0.2236210048,5,12,0,"strong",1
0.180050753729288,0.144765361759484,0.2270605484,5,12,0,"strong",2
0.142402441185315,0.116317680716346,0.2142972044,5,12,0,"strong",3
0.165969142503732,0.130842740676436,0.2187790028,5,12,0,"strong",4
0.191370810363155,0.156160187765807,0.2326272168,5,12,0,"strong",5
0.164437342469056,0.132370487797287,0.2215662384,5,12,0,"strong",6
0.160404679933309,0.129851378123786,0.2204585948,5,12,0,"strong",7
0.180926900458239,0.147841055581677,0.2288719604,5,12,0,"strong",8
0.162655235608188,0.131785666798869,0.2196843168,5,12,0,"strong",9
0.158011292075103,0.127886396016326,0.220547754,5,12,0,"strong",10
0.200282335056343,0.163794856599763,0.246894388,5,12,0,"noise",1
0.178155237845378,0.143585246429576,0.2383140964,5,12,0,"noise",2
0.180060082994012,0.147352677534604,0.2411333404,5,12,0,"noise",3
0.15274328599318,0.123377702865805,0.2307678876,5,12,0,"noise",4
0.166902823190069,0.133152117977101,0.2353960084,5,12,0,"noise",5
0.15593898785139,0.12581601218273,0.2335291348,5,12,0,"noise",6
0.182324753937725,0.148545772469169,0.2396845152,5,12,0,"noise",7
0.191623221165483,0.157257201693084,0.2443705104,5,12,0,"noise",8
0.166681023833061,0.134930894538809,0.2328488004,5,12,0,"noise",9
0.194377989636049,0.160231821254313,0.2433887604,5,12,0,"noise",10
0.144828552250561,0.117317257614247,0.2438393904,5,12,0,"halfnoise",1
0.178716902471452,0.144712766013123,0.2540585152,5,12,0,"halfnoise",2
0.149852945258611,0.121070568124782,0.2452123688,5,12,0,"halfnoise",3
0.158044861129942,0.12734785442644,0.2474334524,5,12,0,"halfnoise",4
0.15568894356805,0.125016842256947,0.2499804076,5,12,0,"halfnoise",5
0.159200193889934,0.128938138357771,0.2467056772,5,12,0,"halfnoise",6
0.138574614278253,0.111539397031434,0.2401967584,5,12,0,"halfnoise",7
0.160719959521033,0.130315696252342,0.2504455272,5,12,0,"halfnoise",8
0.17259479285805,0.141748468551212,0.2543239848,5,12,0,"halfnoise",9
0.156616605741689,0.12642694726502,0.2472595644,5,12,0,"halfnoise",10
0.119677985979941,0.0899956714346539,0.09967675,5,12,0.5,"equal",1
0.13524491364564,0.0996214899818837,0.099701008,5,12,0.5,"equal",2
0.122377322296519,0.0892765073340311,0.1021804204,5,12,0.5,"equal",3
0.140834725692754,0.100712998006492,0.1048654336,5,12,0.5,"equal",4
0.132152895101051,0.0928741256042159,0.100297404,5,12,0.5,"equal",5
0.133294661950473,0.0963573649151101,0.1034615268,5,12,0.5,"equal",6
0.110683239481484,0.0777084722000492,0.095485966,5,12,0.5,"equal",7
0.13184527194161,0.102190511765858,0.0992737,5,12,0.5,"equal",8
0.126690240434781,0.0925869476242782,0.0999204668,5,12,0.5,"equal",9
0.125251815040372,0.0908898713142912,0.1013141424,5,12,0.5,"equal",10
0.109338323638625,0.0823526028328653,0.1473937132,5,12,0.5,"strong",1
0.10400849876035,0.0777764276012289,0.1468872416,5,12,0.5,"strong",2
0.0942896843424919,0.0723065234491576,0.1434479832,5,12,0.5,"strong",3
0.10329158303564,0.0769747265084127,0.1448225576,5,12,0.5,"strong",4
0.0971491227792379,0.0744466867089014,0.1445176312,5,12,0.5,"strong",5
0.114371113776199,0.0851250029602754,0.145899132,5,12,0.5,"strong",6
0.0994951366026074,0.0768690649681235,0.1454087444,5,12,0.5,"strong",7
0.0866507454917605,0.0647356430903031,0.1360417224,5,12,0.5,"strong",8
0.122664467290931,0.0907988611344805,0.1504065228,5,12,0.5,"strong",9
0.121939445714211,0.0926297995073087,0.1477569688,5,12,0.5,"strong",10
0.131704736198115,0.106525487922631,0.1491409504,5,12,0.5,"noise",1
0.102593981639235,0.077843503078266,0.1486320868,5,12,0.5,"noise",2
0.10149100543159,0.075936164720511,0.1422742088,5,12,0.5,"noise",3
0.118868985997131,0.0891807925465613,0.1465824728,5,12,0.5,"noise",4
0.116335480546759,0.0912491678207789,0.1473438476,5,12,0.5,"noise",5
0.112409684251052,0.0874360480191599,0.147855708,5,12,0.5,"noise",6
0.132103090596359,0.104695218891658,0.1501670736,5,12,0.5,"noise",7
0.0803422004917979,0.0610648459382866,0.1412011256,5,12,0.5,"noise",8
0.102065977850175,0.0765318855716931,0.1423173012,5,12,0.5,"noise",9
0.0975120477217688,0.0740238072364114,0.1412558932,5,12,0.5,"noise",10
0.109929981894626,0.0864571200819408,0.1948828516,5,12,0.5,"halfnoise",1
0.133512908871656,0.107003477176768,0.2010061544,5,12,0.5,"halfnoise",2
0.143808277286317,0.113197856264969,0.2053477252,5,12,0.5,"halfnoise",3
0.11414554366128,0.0908340504193956,0.1983395788,5,12,0.5,"halfnoise",4
0.137039886614767,0.108217160852221,0.200596002,5,12,0.5,"halfnoise",5
0.177691524467996,0.144684909272181,0.21582392,5,12,0.5,"halfnoise",6
0.149214988610948,0.116934663128112,0.203826514,5,12,0.5,"halfnoise",7
0.143632781404248,0.11192875534852,0.2027243624,5,12,0.5,"halfnoise",8
0.110483434400137,0.0883914217132218,0.1949805304,5,12,0.5,"halfnoise",9
0.12628177064197,0.0985761680376024,0.2015826904,5,12,0.5,"halfnoise",10
0.183095989193345,0.149195724754081,0.2369523148,10,4,0,"equal",1
0.177492775325605,0.144018274430709,0.2394603688,10,4,0,"equal",2
0.171421694398376,0.138428661741832,0.2351197528,10,4,0,"equal",3
0.224124973714994,0.185037679402861,0.259481502,10,4,0,"equal",4
0.193186176336819,0.15618200550726,0.2444681828,10,4,0,"equal",5
0.185111954414331,0.148650837070172,0.2388769368,10,4,0,"equal",6
0.193353368127194,0.158941689167056,0.239555168,10,4,0,"equal",7
0.148873423782264,0.118504030888277,0.2337083008,10,4,0,"equal",8
0.176049250696402,0.138894433646622,0.2347281156,10,4,0,"equal",9
0.206099081902361,0.170352939914448,0.2504454776,10,4,0,"equal",10
0.169397345818481,0.139223504608259,0.2320753036,10,4,0,"strong",1
0.181580145205657,0.146944508666567,0.2369740932,10,4,0,"strong",2
0.160399170592288,0.126656754178542,0.2301242872,10,4,0,"strong",3
0.207558611801844,0.165385502812771,0.245905514,10,4,0,"strong",4
0.160121395474101,0.126341251785891,0.2259123584,10,4,0,"strong",5
0.192417302775614,0.157333536534073,0.2414424764,10,4,0,"strong",6
0.200832718053494,0.161464920721289,0.241286846,10,4,0,"strong",7
0.168277590865988,0.131162876864416,0.2305462116,10,4,0,"strong",8
0.159104139137387,0.126371813436727,0.2260036156,10,4,0,"strong",9
0.199756783725404,0.163822430574618,0.2474514176,10,4,0,"strong",10
0.184852663911682,0.155379959651672,0.2737002124,10,4,0,"noise",1
0.201883877052939,0.168459161992698,0.2744940188,10,4,0,"noise",2
0.247861593085316,0.206787493033886,0.2999468388,10,4,0,"noise",3
0.18424133748055,0.15482151313814,0.2685525216,10,4,0,"noise",4
0.160116071242597,0.131112628035166,0.2591646492,10,4,0,"noise",5
0.160658472555337,0.128847408895924,0.25826279,10,4,0,"noise",6
0.171344308452346,0.137001525498363,0.2679437468,10,4,0,"noise",7
0.168747663330648,0.142790216854383,0.2624765744,10,4,0,"noise",8
0.226423822555326,0.18818639053013,0.284667538,10,4,0,"noise",9
0.188918636863742,0.158604309917798,0.2688502544,10,4,0,"noise",10
0.209331626606421,0.174103187896608,0.2826669008,10,4,0,"halfnoise",1
0.168914677793634,0.138880261588334,0.2709779956,10,4,0,"halfnoise",2
0.2022716455855,0.167599662453198,0.2798500156,10,4,0,"halfnoise",3
0.222046019039812,0.18218218412953,0.2884925748,10,4,0,"halfnoise",4
0.180865557824025,0.149379865241571,0.270827826,10,4,0,"halfnoise",5
0.19484613001738,0.154784136244569,0.2762046412,10,4,0,"halfnoise",6
0.204882576646056,0.168143924646647,0.282243416,10,4,0,"halfnoise",7
0.162001894223021,0.13517761525196,0.26763871,10,4,0,"halfnoise",8
0.167322915841811,0.136375575013487,0.2692520504,10,4,0,"halfnoise",9
0.178723068004812,0.149187775342577,0.2725463744,10,4,0,"halfnoise",10
0.141775226174276,0.10987162972105,0.1895275588,10,4,0.5,"equal",1
0.141094971378444,0.115526017327271,0.1893974008,10,4,0.5,"equal",2
0.146637110999499,0.116993504919239,0.1944511496,10,4,0.5,"equal",3
0.152028986539774,0.120909986029577,0.1897854688,10,4,0.5,"equal",4
0.176672969517766,0.143546010371751,0.2073787452,10,4,0.5,"equal",5
0.156582378820302,0.122138612644106,0.1978906936,10,4,0.5,"equal",6
0.22169700001596,0.174415869926698,0.223484862,10,4,0.5,"equal",7
0.16107492663541,0.126721553395231,0.1983039612,10,4,0.5,"equal",8
0.212857056734821,0.168429943955623,0.2194393508,10,4,0.5,"equal",9
0.179374527644814,0.144857127646211,0.2045742732,10,4,0.5,"equal",10
0.135556573811211,0.107202314112442,0.2052907976,10,4,0.5,"strong",1
0.191758662861575,0.150526798678993,0.2195169612,10,4,0.5,"strong",2
0.19256389920051,0.156680670925202,0.2204443892,10,4,0.5,"strong",3
0.190936667484262,0.160319251222015,0.2188523128,10,4,0.5,"strong",4
0.171385775584098,0.136879732023602,0.2180879332,10,4,0.5,"strong",5
0.229295378085686,0.181228537585526,0.2322956996,10,4,0.5,"strong",6
0.211721733452629,0.172576888431529,0.2335284476,10,4,0.5,"strong",7
0.236629788450825,0.186928304454669,0.2371945552,10,4,0.5,"strong",8
0.169943148277777,0.144844945910649,0.211534376,10,4,0.5,"strong",9
0.188093426578923,0.154073021714168,0.2242985548,10,4,0.5,"strong",10
0.198807325390936,0.167665216891576,0.2653042556,10,4,0.5,"noise",1
0.187162520627074,0.150639125455001,0.2591048256,10,4,0.5,"noise",2
0.182296433186013,0.146618050320344,0.2542293256,10,4,0.5,"noise",3
0.224554040894238,0.185706127162171,0.27269888,10,4,0.5,"noise",4
0.212919350789185,0.176613678128066,0.2676834884,10,4,0.5,"noise",5
0.189752260924507,0.162884403379156,0.2582103428,10,4,0.5,"noise",6
0.153353687558506,0.12746472165379,0.2453919552,10,4,0.5,"noise",7
0.148824696146832,0.118280672460019,0.2459308168,10,4,0.5,"noise",8
0.166382522266709,0.132743937937746,0.2517912532,10,4,0.5,"noise",9
0.187010917307212,0.153776045746715,0.2565654492,10,4,0.5,"noise",10
0.194662698311075,0.16483084518325,0.2731516012,10,4,0.5,"halfnoise",1
0.192635825391665,0.158762108274423,0.2715913928,10,4,0.5,"halfnoise",2
0.167446172992533,0.136512752686578,0.2626679528,10,4,0.5,"halfnoise",3
0.196379931425356,0.159960524671791,0.2743147564,10,4,0.5,"halfnoise",4
0.209377521950703,0.170889016173038,0.2809679928,10,4,0.5,"halfnoise",5
0.186405543713792,0.153727474876805,0.2701237456,10,4,0.5,"halfnoise",6
0.196986404590025,0.164986117621824,0.2736089104,10,4,0.5,"halfnoise",7
0.216122585599663,0.173548003631648,0.2816096924,10,4,0.5,"halfnoise",8
0.184012532166876,0.147441876003721,0.2680974008,10,4,0.5,"halfnoise",9
0.154600612901034,0.127591382047428,0.2618954016,10,4,0.5,"halfnoise",10
0.163261942269244,0.134047943358426,0.2092703028,10,8,0,"equal",1
0.17614088963868,0.144807321365985,0.2147313052,10,8,0,"equal",2
0.162055227751723,0.130641362352998,0.2060808856,10,8,0,"equal",3
0.178106877188006,0.140206935780547,0.212333596,10,8,0,"equal",4
0.16319807781881,0.133145895323816,0.20560685,10,8,0,"equal",5
0.180988285714332,0.147437745390166,0.2147791664,10,8,0,"equal",6
0.178253523416839,0.146572991704083,0.2123778252,10,8,0,"equal",7
0.176792594757727,0.142101918424497,0.2162747136,10,8,0,"equal",8
0.16463230761215,0.133802040231775,0.2037828812,10,8,0,"equal",9
0.169524519249771,0.137813864605968,0.2086224336,10,8,0,"equal",10
0.178017547208138,0.142365077238741,0.23019637,10,8,0,"strong",1
0.130890106082397,0.106337808558768,0.2151517604,10,8,0,"strong",2
0.136332282347923,0.109213854984937,0.2202184556,10,8,0,"strong",3
0.145545013897686,0.118201724586011,0.2207334312,10,8,0,"strong",4
0.164626428493825,0.132629278815525,0.2255164068,10,8,0,"strong",5
0.194860733829713,0.158220518363782,0.2351182052,10,8,0,"strong",6
0.166190205335655,0.134071531083715,0.2269364828,10,8,0,"strong",7
0.182078886370809,0.146383085219296,0.2314023364,10,8,0,"strong",8
0.163424190163473,0.132038546125886,0.225439384,10,8,0,"strong",9
0.159153522832592,0.126693902320404,0.2269595472,10,8,0,"strong",10
0.157438514453511,0.126950900450418,0.244984774,10,8,0,"noise",1
0.15794253127475,0.126863894411541,0.2421388148,10,8,0,"noise",2
0.153358868574805,0.123814225628248,0.2414314712,10,8,0,"noise",3
0.135862401631895,0.109015375771302,0.2345520548,10,8,0,"noise",4
0.14718134830909,0.119070654700278,0.2415477748,10,8,0,"noise",5
0.126579221834276,0.101273683768401,0.236549286,10,8,0,"noise",6
0.140676355333326,0.114038445840027,0.2390992012,10,8,0,"noise",7
0.136373828532436,0.108713194295676,0.2394862756,10,8,0,"noise",8
0.146906779924229,0.118652626502751,0.242348564,10,8,0,"noise",9
0.174529320802725,0.142658362168504,0.2481814604,10,8,0,"noise",10
0.1708830088098,0.138417748871594,0.2595360992,10,8,0,"halfnoise",1
0.176327290672463,0.14027324465649,0.2628979884,10,8,0,"halfnoise",2
0.12508516606134,0.101481900739327,0.2462567932,10,8,0,"halfnoise",3
0.15145799252597,0.120859759159847,0.2501471936,10,8,0,"halfnoise",4
0.144155155655789,0.115579257803113,0.25095997,10,8,0,"halfnoise",5
0.1315377678378,0.105117881027196,0.2487388564,10,8,0,"halfnoise",6
0.156365333587002,0.128151830165282,0.2550358076,10,8,0,"halfnoise",7
0.139346462165694,0.114107835987937,0.2526041672,10,8,0,"halfnoise",8
0.137463884521943,0.112123640557749,0.2480603692,10,8,0,"halfnoise",9
0.134056529982094,0.107463925863788,0.2470776724,10,8,0,"halfnoise",10
0.122480912690505,0.0864955489576019,0.1299941852,10,8,0.5,"equal",1
0.106195464555243,0.0764474314918553,0.1291564232,10,8,0.5,"equal",2
0.129797487519542,0.0938572897776883,0.1311588368,10,8,0.5,"equal",3
0.114672554204482,0.084401941066407,0.1289828376,10,8,0.5,"equal",4
0.106626671521195,0.0810654269829687,0.1239263656,10,8,0.5,"equal",5
0.0896362087293133,0.0640035978307193,0.1251563248,10,8,0.5,"equal",6
0.130040260970912,0.0955490715598638,0.1290285752,10,8,0.5,"equal",7
0.115936980660804,0.0879374607367295,0.1295887316,10,8,0.5,"equal",8
0.0966759954931577,0.0695422742185822,0.1227312684,10,8,0.5,"equal",9
0.0957433357367218,0.066927519675618,0.1233982076,10,8,0.5,"equal",10
0.141815211234746,0.106427784653917,0.178548102,10,8,0.5,"strong",1
0.13623612195986,0.104025263239956,0.1750083612,10,8,0.5,"strong",2
0.117316057433524,0.088096863900429,0.1717234452,10,8,0.5,"strong",3
0.135870571728837,0.108942759845229,0.1780014736,10,8,0.5,"strong",4
0.136643567097747,0.106499216282301,0.1745371472,10,8,0.5,"strong",5
0.126641602440853,0.0997042121052619,0.1692465816,10,8,0.5,"strong",6
0.12200998820868,0.0943179732366058,0.1723364528,10,8,0.5,"strong",7
0.120772049769202,0.0920058284644174,0.172019926,10,8,0.5,"strong",8
0.10823350571076,0.0850628115999203,0.166774772,10,8,0.5,"strong",9
0.122178104296329,0.0906621768856237,0.1694952656,10,8,0.5,"strong",10
0.0939329444585184,0.0732884274854949,0.1804480376,10,8,0.5,"noise",1
0.107829911656668,0.0838488483097357,0.1859717508,10,8,0.5,"noise",2
0.110139540192477,0.0846791932931799,0.1824868744,10,8,0.5,"noise",3
0.111640010926451,0.0852133398062795,0.1849529052,10,8,0.5,"noise",4
0.120396988059939,0.0928250961200555,0.1871970484,10,8,0.5,"noise",5
0.139633257043408,0.106647156804553,0.1924273256,10,8,0.5,"noise",6
0.125616334354889,0.10033632731482,0.1868041856,10,8,0.5,"noise",7
0.132555425097842,0.100518847694137,0.1905517256,10,8,0.5,"noise",8
0.110909439445889,0.0862241665028496,0.1857713384,10,8,0.5,"noise",9
0.159637744034844,0.129388055549013,0.1988566588,10,8,0.5,"noise",10
0.118277046412896,0.0963587619269395,0.2193012556,10,8,0.5,"halfnoise",1
0.126496176584158,0.100418584655767,0.2295340192,10,8,0.5,"halfnoise",2
0.18336541118637,0.147400239890519,0.243882576,10,8,0.5,"halfnoise",3
0.119464657398003,0.0964636897396154,0.2241620576,10,8,0.5,"halfnoise",4
0.134462782585711,0.109092308122686,0.2297190732,10,8,0.5,"halfnoise",5
0.117666037005038,0.0947850623214584,0.2263175268,10,8,0.5,"halfnoise",6
0.139096737986263,0.112704380504891,0.2292927288,10,8,0.5,"halfnoise",7
0.128892600287831,0.105768209192708,0.2317741224,10,8,0.5,"halfnoise",8
0.119309353685123,0.0952279384868196,0.2235037668,10,8,0.5,"halfnoise",9
0.11517981828287,0.0934664515455096,0.2227967352,10,8,0.5,"halfnoise",10
0.20913978352831,0.173395017221406,0.2072836384,10,12,0,"equal",1
0.193255819932077,0.160091372566463,0.2035768368,10,12,0,"equal",2
0.201181583318106,0.170580601771071,0.204519362,10,12,0,"equal",3
0.188076657394945,0.157122000170218,0.1972564336,10,12,0,"equal",4
0.194505927577293,0.16317805040077,0.2028251088,10,12,0,"equal",5
0.193670820326937,0.162992528276252,0.198730704,10,12,0,"equal",6
0.190924190824727,0.159670755108219,0.2025295484,10,12,0,"equal",7
0.208837420154491,0.176855336071119,0.208754536,10,12,0,"equal",8
0.185778970870499,0.157016920272269,0.1995465196,10,12,0,"equal",9
0.194473455984177,0.161247458569984,0.2002980664,10,12,0,"equal",10
0.146968952776139,0.118465732664489,0.2150948892,10,12,0,"strong",1
0.139124739013384,0.11306791060814,0.21253522,10,12,0,"strong",2
0.158469299508293,0.126875229375958,0.2192078576,10,12,0,"strong",3
0.142462068196117,0.114775539249269,0.2157242996,10,12,0,"strong",4
0.147389408575062,0.118599656899117,0.2131749696,10,12,0,"strong",5
0.140738140299278,0.113149459752082,0.2135343672,10,12,0,"strong",6
0.160530121900208,0.129955854951911,0.2196639588,10,12,0,"strong",7
0.156425754610119,0.125834554385614,0.2179600708,10,12,0,"strong",8
0.124324529816168,0.101010155070844,0.210338508,10,12,0,"strong",9
0.127941934826448,0.102784887834184,0.2114571284,10,12,0,"strong",10
0.136308244481916,0.110234946112369,0.2266601268,10,12,0,"noise",1
0.159598795903811,0.130172248670983,0.2312912264,10,12,0,"noise",2
0.144803319303606,0.115977753651434,0.225369484,10,12,0,"noise",3
0.145906839285654,0.117954682265201,0.2285718356,10,12,0,"noise",4
0.144990724857392,0.118394332188514,0.228430962,10,12,0,"noise",5
0.144994930658443,0.116343491518594,0.2232730876,10,12,0,"noise",6
0.151277421770304,0.122582717405283,0.2270940076,10,12,0,"noise",7
0.160701597856525,0.131268203634825,0.2312931268,10,12,0,"noise",8
0.162329845587459,0.132124791311589,0.2339082776,10,12,0,"noise",9
0.149315652876106,0.121593742144363,0.2303241088,10,12,0,"noise",10
0.14728630414296,0.117784046769187,0.2430599016,10,12,0,"halfnoise",1
0.151934197274569,0.122918668341599,0.2444062152,10,12,0,"halfnoise",2
0.141466086346858,0.114225273304561,0.24367889,10,12,0,"halfnoise",3
0.135996675559896,0.108964262134004,0.2385033716,10,12,0,"halfnoise",4
0.131206291846937,0.105425980515493,0.2379019968,10,12,0,"halfnoise",5
0.164958448797023,0.134214130253773,0.247118426,10,12,0,"halfnoise",6
0.140137172289364,0.113212103356567,0.2430817824,10,12,0,"halfnoise",7
0.125663259880912,0.100509121159961,0.2372478164,10,12,0,"halfnoise",8
0.130990830088646,0.105287153701556,0.2383631912,10,12,0,"halfnoise",9
0.104553872391153,0.0840283565921655,0.235865122,10,12,0,"halfnoise",10
0.115033619359447,0.0799661360895494,0.096307134,10,12,0.5,"equal",1
0.124499116869767,0.090698811540065,0.0990534328,10,12,0.5,"equal",2
0.11030658934059,0.0746687067877915,0.0970241256,10,12,0.5,"equal",3
0.114562666840828,0.0803749893598088,0.1014821552,10,12,0.5,"equal",4
0.106698470094709,0.0759061246205889,0.0940836048,10,12,0.5,"equal",5
0.132323695375461,0.0981149531596283,0.1028391092,10,12,0.5,"equal",6
0.102942950796161,0.0753526753103004,0.0955341556,10,12,0.5,"equal",7
0.111111906669954,0.0774306586347815,0.0952332272,10,12,0.5,"equal",8
0.115641961013468,0.0816058723649187,0.0962304148,10,12,0.5,"equal",9
0.12357962831885,0.0913825053548237,0.0989278224,10,12,0.5,"equal",10
0.109366019707606,0.0815016453689673,0.1455758884,10,12,0.5,"strong",1
0.113860450680446,0.087558729967333,0.146116008,10,12,0.5,"strong",2
0.115368060884204,0.0901042799379313,0.1459586512,10,12,0.5,"strong",3
0.101649433108041,0.0760766004204128,0.1441832772,10,12,0.5,"strong",4
0.0990928773110094,0.074377167994967,0.1456753044,10,12,0.5,"strong",5
0.114539695952024,0.0825936148908716,0.1466403564,10,12,0.5,"strong",6
0.0976495135539211,0.0723952193818576,0.1434574472,10,12,0.5,"strong",7
0.0891594509855192,0.0672144960551243,0.1404845576,10,12,0.5,"strong",8
0.107418550043403,0.0792801560789898,0.1448119076,10,12,0.5,"strong",9
0.110162505722487,0.0834708552230493,0.1474538436,10,12,0.5,"strong",10
0.107196298366447,0.0824854992119283,0.1442743408,10,12,0.5,"noise",1
0.113993810721819,0.0841384467380079,0.148187214,10,12,0.5,"noise",2
0.104633341837604,0.0791445480213569,0.143564892,10,12,0.5,"noise",3
0.0968315430766221,0.0719925546495054,0.1447343308,10,12,0.5,"noise",4
0.0924609158648731,0.0698024966110983,0.1452604828,10,12,0.5,"noise",5
0.0828186391904192,0.0617207314746789,0.1368492412,10,12,0.5,"noise",6
0.0980778161701561,0.0741230319788619,0.1389230608,10,12,0.5,"noise",7
0.102150326833702,0.0767498279942346,0.1447220772,10,12,0.5,"noise",8
0.112883845909445,0.0890436356394188,0.1465611572,10,12,0.5,"noise",9
0.0854273293530006,0.0637957697529716,0.1393169316,10,12,0.5,"noise",10
0.116148083256431,0.0896730561955078,0.1988012172,10,12,0.5,"halfnoise",1
0.102754344755728,0.0814708794451396,0.1911268004,10,12,0.5,"halfnoise",2
0.102983304180682,0.0811798791857795,0.1949370016,10,12,0.5,"halfnoise",3
0.110310939234728,0.0877561778961126,0.1949912,10,12,0.5,"halfnoise",4
0.0985085852064896,0.0787279083675476,0.1905753056,10,12,0.5,"halfnoise",5
0.123245350630364,0.0963245097212291,0.2027807504,10,12,0.5,"halfnoise",6
0.0966197226759804,0.0762033107295511,0.1920587292,10,12,0.5,"halfnoise",7
0.0996506618570801,0.07931698625359,0.1920448404,10,12,0.5,"halfnoise",8
0.104772428309227,0.0826587748569039,0.1977085288,10,12,0.5,"halfnoise",9
0.0964695093463848,0.0765512383811339,0.190827446,10,12,0.5,"halfnoise",10
0.155961973220381,0.123579707697677,0.2328830248,50,4,0,"equal",1
0.149009786925852,0.118520767624296,0.2270676984,50,4,0,"equal",2
0.168437583639892,0.133121405444422,0.2368670416,50,4,0,"equal",3
0.148845153575992,0.117472736167847,0.2297743448,50,4,0,"equal",4
0.15749440842758,0.125463026480922,0.2303484512,50,4,0,"equal",5
0.132658985507765,0.106569799364804,0.2253286208,50,4,0,"equal",6
0.158461037077899,0.127030067242631,0.2299168224,50,4,0,"equal",7
0.165430950859881,0.131904395987876,0.2354318556,50,4,0,"equal",8
0.150914756679,0.1204448531797,0.2301797944,50,4,0,"equal",9
0.173079563629234,0.138629153499959,0.2337080444,50,4,0,"equal",10
0.140154447879599,0.114206209818213,0.2220995768,50,4,0,"strong",1
0.150861552902722,0.11966012041211,0.2297354844,50,4,0,"strong",2
0.165499778802127,0.131164008452023,0.2312531016,50,4,0,"strong",3
0.166055108303094,0.133853017041643,0.2285679092,50,4,0,"strong",4
0.157882293653499,0.124751206664634,0.2256988872,50,4,0,"strong",5
0.15137377096244,0.121097277458341,0.225668696,50,4,0,"strong",6
0.17801168447988,0.146113455746721,0.2317846924,50,4,0,"strong",7
0.128374750504153,0.101877079817468,0.2235110432,50,4,0,"strong",8
0.14080022969886,0.111329029486874,0.2216735104,50,4,0,"strong",9
0.134918111262538,0.108434183513547,0.221781612,50,4,0,"strong",10
0.162881013511333,0.134652848779689,0.2634588348,50,4,0,"noise",1
0.13971413975478,0.113292973750511,0.2548193264,50,4,0,"noise",2
0.149166205706763,0.120677039594219,0.2596170152,50,4,0,"noise",3
0.152200002569466,0.124359220701781,0.2590734732,50,4,0,"noise",4
0.147697794190916,0.119484180691118,0.255978116,50,4,0,"noise",5
0.15419532388553,0.123592801028863,0.2570912052,50,4,0,"noise",6
0.156337092203376,0.126330557304863,0.2569367792,50,4,0,"noise",7
0.149412115369813,0.12329503460945,0.2555963236,50,4,0,"noise",8
0.157151623299764,0.126541976236346,0.2583314004,50,4,0,"noise",9
0.160823411954616,0.130805879264758,0.2597406804,50,4,0,"noise",10
0.159790994410636,0.128203328016743,0.264326536,50,4,0,"halfnoise",1
0.158498043230235,0.13095553424609,0.2632140216,50,4,0,"halfnoise",2
0.138780848290603,0.111825482272834,0.256356566,50,4,0,"halfnoise",3
0.165048382334648,0.136353374753416,0.2674203396,50,4,0,"halfnoise",4
0.148436818849333,0.120014178767124,0.2599342736,50,4,0,"halfnoise",5
0.144728262905567,0.118220171970454,0.2610359752,50,4,0,"halfnoise",6
0.159242032448327,0.128316161341276,0.2660895632,50,4,0,"halfnoise",7
0.162969651382196,0.13312467336987,0.2674036712,50,4,0,"halfnoise",8
0.159398036424513,0.129059586810429,0.2650867296,50,4,0,"halfnoise",9
0.137173408916576,0.11187165108129,0.2578466204,50,4,0,"halfnoise",10
0.128809165177057,0.0994907219438047,0.189674386,50,4,0.5,"equal",1
0.131527615354595,0.101421162373024,0.1877777768,50,4,0.5,"equal",2
0.134288513054533,0.10588066993884,0.1923848392,50,4,0.5,"equal",3
0.141306257556905,0.106821467587964,0.191915968,50,4,0.5,"equal",4
0.141053752480821,0.108478830984922,0.1957921724,50,4,0.5,"equal",5
0.129994548818134,0.100837241427463,0.1865203788,50,4,0.5,"equal",6
0.134946303224784,0.104083192747613,0.1925525452,50,4,0.5,"equal",7
0.121982635850934,0.0938551332128659,0.1903962236,50,4,0.5,"equal",8
0.135605708302479,0.107233898044329,0.1895651568,50,4,0.5,"equal",9
0.130431103984759,0.101783283668017,0.1892373876,50,4,0.5,"equal",10
0.159715566752204,0.123233750413155,0.2066034128,50,4,0.5,"strong",1
0.140984342453403,0.111333010400085,0.202539518,50,4,0.5,"strong",2
0.142812735555311,0.111835224354874,0.202758864,50,4,0.5,"strong",3
0.152284817766642,0.117912175637293,0.2048904324,50,4,0.5,"strong",4
0.135312887765345,0.108752308685493,0.2020964976,50,4,0.5,"strong",5
0.157330196272616,0.126008131037135,0.2110194236,50,4,0.5,"strong",6
0.136489610013472,0.107426494976219,0.2032275428,50,4,0.5,"strong",7
0.147058777411035,0.118780495921174,0.2053798828,50,4,0.5,"strong",8
0.133362889034543,0.106037259617975,0.2033693048,50,4,0.5,"strong",9
0.14431249470054,0.117111858807921,0.2043362524,50,4,0.5,"strong",10
0.154112174198406,0.122218873211726,0.247447856,50,4,0.5,"noise",1
0.17044906556285,0.13919730769385,0.2555823636,50,4,0.5,"noise",2
0.152126656967763,0.122983020999495,0.248690044,50,4,0.5,"noise",3
0.154940546403805,0.126164758956235,0.2472821504,50,4,0.5,"noise",4
0.157290339527561,0.126710512732781,0.2455131608,50,4,0.5,"noise",5
0.153630768784671,0.125345264291897,0.2464555572,50,4,0.5,"noise",6
0.165353437152509,0.135511328793763,0.2504144588,50,4,0.5,"noise",7
0.134958378385966,0.107799832140577,0.2430576632,50,4,0.5,"noise",8
0.146255711806564,0.116889815744977,0.24371863,50,4,0.5,"noise",9
0.134654111033881,0.110960824155056,0.238352158,50,4,0.5,"noise",10
0.157318667071527,0.123917055682877,0.2602270436,50,4,0.5,"halfnoise",1
0.158133035351043,0.128720755244378,0.2611538692,50,4,0.5,"halfnoise",2
0.155941309464659,0.128537036075107,0.2601120788,50,4,0.5,"halfnoise",3
0.153985966386941,0.125622989977151,0.2609116192,50,4,0.5,"halfnoise",4
0.154276941134478,0.125961533594259,0.257792748,50,4,0.5,"halfnoise",5
0.142352577351422,0.116182552539086,0.2549369904,50,4,0.5,"halfnoise",6
0.171254514428388,0.140182298456247,0.264414668,50,4,0.5,"halfnoise",7
0.168132412067323,0.140134515005642,0.262848374,50,4,0.5,"halfnoise",8
0.152005811289285,0.124184462551429,0.2600355856,50,4,0.5,"halfnoise",9
0.148020720296216,0.122544694265315,0.2545205056,50,4,0.5,"halfnoise",10
0.152445373780979,0.124435308382238,0.2028953304,50,8,0,"equal",1
0.1280905448991,0.103527181808137,0.1973173536,50,8,0,"equal",2
0.118946974362263,0.0954567371218867,0.1975855604,50,8,0,"equal",3
0.133730931195676,0.106820513160239,0.1984667488,50,8,0,"equal",4
0.135499315810173,0.109791897955039,0.1991675828,50,8,0,"equal",5
0.131434970940849,0.107403014109569,0.2009843112,50,8,0,"equal",6
0.137881850729453,0.111123034912446,0.197206468,50,8,0,"equal",7
0.14334250651543,0.116078401926699,0.202247834,50,8,0,"equal",8
0.135496427014353,0.108681747087398,0.1980496748,50,8,0,"equal",9
0.125193277079643,0.100464998095385,0.1987065668,50,8,0,"equal",10
0.11436751482299,0.0906919696752802,0.209855426,50,8,0,"strong",1
0.117436493594058,0.093285184662843,0.2123549092,50,8,0,"strong",2
0.118880799459924,0.0939468760843036,0.2125756804,50,8,0,"strong",3
0.109005626483133,0.0871142428713243,0.2093187616,50,8,0,"strong",4
0.103603784832561,0.0823006803781736,0.2099083436,50,8,0,"strong",5
0.111967629288969,0.0889985537902873,0.2111101804,50,8,0,"strong",6
0.120552262279374,0.0960735238782815,0.2152277984,50,8,0,"strong",7
0.110890971780586,0.0879349254552257,0.2098919016,50,8,0,"strong",8
0.11204742240823,0.0883368143135106,0.2117127388,50,8,0,"strong",9
0.122359546882412,0.097478013584744,0.2152124784,50,8,0,"strong",10
0.109783175560427,0.0879572757090816,0.2301397104,50,8,0,"noise",1
0.118402298498497,0.0949960164155784,0.2351474756,50,8,0,"noise",2
0.120054148565391,0.0955839500480247,0.2337495796,50,8,0,"noise",3
0.119161948191157,0.0942694881271115,0.2335202104,50,8,0,"noise",4
0.106431218539081,0.084875948869895,0.2286404016,50,8,0,"noise",5
0.108328599070864,0.0863021052504777,0.2312691732,50,8,0,"noise",6
0.114311132986442,0.0917662072436842,0.231979358,50,8,0,"noise",7
0.124464806978915,0.0998921469904286,0.2367140556,50,8,0,"noise",8
0.108461077601366,0.0861683977247885,0.2309848984,50,8,0,"noise",9
0.0984316995980413,0.0786451232012039,0.2300022908,50,8,0,"noise",10
0.110023104065822,0.087527943560088,0.2449699608,50,8,0,"halfnoise",1
0.109871669919798,0.0877686040906442,0.2422115236,50,8,0,"halfnoise",2
0.121110958232461,0.0968037386043164,0.2476310756,50,8,0,"halfnoise",3
0.113844799033709,0.0914141326882133,0.2462685748,50,8,0,"halfnoise",4
0.109414459059373,0.0873646119649655,0.2413984736,50,8,0,"halfnoise",5
0.105236402049552,0.0839495996153579,0.2419118284,50,8,0,"halfnoise",6
0.103093788949823,0.0827866846475839,0.2393550728,50,8,0,"halfnoise",7
0.110734441067794,0.0877761926025335,0.242885618,50,8,0,"halfnoise",8
0.114731473197306,0.0912658368740328,0.2445794596,50,8,0,"halfnoise",9
0.123106338667918,0.0985341369917557,0.2471901448,50,8,0,"halfnoise",10
0.0928893579230367,0.0676327667812225,0.1240274836,50,8,0.5,"equal",1
0.111535620140362,0.0795945248330328,0.1259877832,50,8,0.5,"equal",2
0.0871147521597377,0.0619790935290958,0.1225936392,50,8,0.5,"equal",3
0.0933696214420558,0.0666711766802855,0.1239690188,50,8,0.5,"equal",4
0.0860254641049302,0.0605930348088262,0.1216294124,50,8,0.5,"equal",5
0.0919149989462326,0.0672637302836381,0.123169274,50,8,0.5,"equal",6
0.0840225422292739,0.0605190943233585,0.1190202576,50,8,0.5,"equal",7
0.0767680996296132,0.054708459478563,0.118958748,50,8,0.5,"equal",8
0.0916186539670658,0.0650284660074714,0.1274079632,50,8,0.5,"equal",9
0.085192677407355,0.0591908509909923,0.1246495736,50,8,0.5,"equal",10
0.0917854612395873,0.0697651554923814,0.1681201176,50,8,0.5,"strong",1
0.0935541531700918,0.0734118602829975,0.1653317476,50,8,0.5,"strong",2
0.0922685547831066,0.0714807438485008,0.1640981764,50,8,0.5,"strong",3
0.0913444236371648,0.06995904028428,0.1642043728,50,8,0.5,"strong",4
0.0934579099605568,0.0730869887787874,0.164842002,50,8,0.5,"strong",5
0.0988420366714257,0.074812526133795,0.1670622332,50,8,0.5,"strong",6
0.0932093421107183,0.0713730576060109,0.173202996,50,8,0.5,"strong",7
0.0917261710673375,0.0695714995650819,0.162569634,50,8,0.5,"strong",8
0.0976542594614342,0.0755708833619964,0.1667318616,50,8,0.5,"strong",9
0.103613092402113,0.0785870546843352,0.1689513916,50,8,0.5,"strong",10
0.0957507960568316,0.0751080476799387,0.1777355016,50,8,0.5,"noise",1
0.0908576540722738,0.072000199948326,0.1774216248,50,8,0.5,"noise",2
0.0867123079028873,0.068045220161963,0.183243956,50,8,0.5,"noise",3
0.0914950108373557,0.0702389884177583,0.1808922616,50,8,0.5,"noise",4
0.104099818202969,0.0806098158735478,0.1825688132,50,8,0.5,"noise",5
0.0944958000339417,0.0731911963154725,0.1825312492,50,8,0.5,"noise",6
0.0866350991878677,0.0668854718129763,0.180769906,50,8,0.5,"noise",7
0.103750950045452,0.081298607623637,0.1845464948,50,8,0.5,"noise",8
0.100509425091208,0.0771486696044654,0.1806089128,50,8,0.5,"noise",9
0.098599147306438,0.0774407033821301,0.1809068088,50,8,0.5,"noise",10
0.106968063788187,0.0845494880613177,0.2227944696,50,8,0.5,"halfnoise",1
0.0996525194315554,0.0794425824175602,0.2185417228,50,8,0.5,"halfnoise",2
0.0993125236796112,0.0786757544945399,0.2201895236,50,8,0.5,"halfnoise",3
0.0908850709448198,0.0727176491788368,0.220644776,50,8,0.5,"halfnoise",4
0.0996203160833272,0.0796821076560068,0.218649824,50,8,0.5,"halfnoise",5
0.0999962400381247,0.0797589788724847,0.2208630228,50,8,0.5,"halfnoise",6
0.105881682096428,0.0844149289650512,0.2223478664,50,8,0.5,"halfnoise",7
0.105892191012696,0.0844826978248746,0.2180317364,50,8,0.5,"halfnoise",8
0.101339639799442,0.0820150110719273,0.2220408812,50,8,0.5,"halfnoise",9
0.0921837260659578,0.0730431902310479,0.2174055336,50,8,0.5,"halfnoise",10
0.159169950671628,0.134460865231422,0.1915388896,50,12,0,"equal",1
0.163096056555407,0.136881783859288,0.192439436,50,12,0,"equal",2
0.156156802134264,0.131632617593989,0.1872706488,50,12,0,"equal",3
0.157835804011012,0.130975243973617,0.188435444,50,12,0,"equal",4
0.157153920110496,0.132048483434471,0.188573892,50,12,0,"equal",5
0.159197261659825,0.133895376265916,0.1901210404,50,12,0,"equal",6
0.162232787388979,0.13634977347669,0.1908836336,50,12,0,"equal",7
0.162989687349487,0.136048426094922,0.1894104548,50,12,0,"equal",8
0.155096396810708,0.129917802871972,0.1877395572,50,12,0,"equal",9
0.169516069468555,0.141718985962872,0.1916872784,50,12,0,"equal",10
0.111889948912075,0.0890213392685332,0.205026934,50,12,0,"strong",1
0.106950022843957,0.086543312976007,0.2055752548,50,12,0,"strong",2
0.106037534762195,0.0853963998681335,0.2043076928,50,12,0,"strong",3
0.115736297292198,0.0925711687779174,0.2096293912,50,12,0,"strong",4
0.107448650441694,0.086216900117145,0.2043708776,50,12,0,"strong",5
0.118410000889821,0.0957475209106502,0.2107046476,50,12,0,"strong",6
0.114203769300727,0.0911388190371548,0.2085026784,50,12,0,"strong",7
0.120518000637746,0.0967564475220012,0.2053477556,50,12,0,"strong",8
0.110230626057871,0.0877957854784035,0.2072671352,50,12,0,"strong",9
0.11018102454798,0.0881955190534722,0.207944012,50,12,0,"strong",10
0.118341739356661,0.0955611829327714,0.2210987008,50,12,0,"noise",1
0.120151129434976,0.0965892024843083,0.2235006128,50,12,0,"noise",2
0.117967832459578,0.095645373656483,0.2189102852,50,12,0,"noise",3
0.116599386053402,0.0939122748396442,0.2222404508,50,12,0,"noise",4
0.123944107379981,0.099430074350615,0.2201154404,50,12,0,"noise",5
0.123049414181805,0.0986896339752197,0.2213173972,50,12,0,"noise",6
0.124030878871928,0.100831276159453,0.2223216404,50,12,0,"noise",7
0.121756551120939,0.0985658141574834,0.2212865664,50,12,0,"noise",8
0.124608655020944,0.100915191406799,0.2204877568,50,12,0,"noise",9
0.115622870958617,0.0935245702123971,0.2192702304,50,12,0,"noise",10
0.115363623872846,0.0930147060972032,0.2360942976,50,12,0,"halfnoise",1
0.0989379520911046,0.0784466829331099,0.2328230776,50,12,0,"halfnoise",2
0.112046060655372,0.0896499995682476,0.2367194696,50,12,0,"halfnoise",3
0.0980886253650067,0.0787099134665837,0.2313784308,50,12,0,"halfnoise",4
0.0985022026310546,0.0785889112263268,0.232127674,50,12,0,"halfnoise",5
0.0968765964638818,0.0768530728119431,0.2315258268,50,12,0,"halfnoise",6
0.102813361506189,0.0824764250012705,0.2334547552,50,12,0,"halfnoise",7
0.101184259036865,0.0809439007385489,0.234192586,50,12,0,"halfnoise",8
0.0966955461941906,0.076971936454253,0.2327631184,50,12,0,"halfnoise",9
0.102931418292234,0.0823373427828426,0.2334539168,50,12,0,"halfnoise",10
0.0880749652065523,0.0608167315478923,0.0911651416,50,12,0.5,"equal",1
0.0860116586293903,0.0569967173170317,0.09394734,50,12,0.5,"equal",2
0.0827432196277715,0.0554182177802782,0.0941071672,50,12,0.5,"equal",3
0.0892341326968694,0.0607722960069381,0.091445618,50,12,0.5,"equal",4
0.0878726692156035,0.0610357893178915,0.0912755512,50,12,0.5,"equal",5
0.090092854757454,0.0634991326106691,0.0915335512,50,12,0.5,"equal",6
0.0929264836483581,0.0642121314155105,0.0921614248,50,12,0.5,"equal",7
0.0929634084110411,0.0650685577403291,0.0937073032,50,12,0.5,"equal",8
0.0826750304174241,0.0560687521893284,0.08837933,50,12,0.5,"equal",9
0.0847698172165287,0.0577827404895581,0.0923336684,50,12,0.5,"equal",10
0.0895779460050937,0.0664276857546367,0.1415588448,50,12,0.5,"strong",1
0.0813360360922114,0.0621130169435716,0.138904872,50,12,0.5,"strong",2
0.0769707712577665,0.057529448534796,0.1366264528,50,12,0.5,"strong",3
0.0738746476878317,0.0547159650589943,0.1416280328,50,12,0.5,"strong",4
0.0780061778092896,0.0592891028220853,0.1393120704,50,12,0.5,"strong",5
0.0869239720509489,0.065499950434304,0.1386534792,50,12,0.5,"strong",6
0.0808177266304003,0.0609385480130673,0.1378330748,50,12,0.5,"strong",7
0.0835118284483577,0.0628967164382342,0.1400398944,50,12,0.5,"strong",8
0.0810712438100479,0.0608087299507082,0.140767146,50,12,0.5,"strong",9
0.0733349349777731,0.0549458410460738,0.140479534,50,12,0.5,"strong",10
0.0812414821265063,0.0610982860219049,0.1421351828,50,12,0.5,"noise",1
0.0851564085750402,0.0636794472980842,0.1404956292,50,12,0.5,"noise",2
0.0771747160250892,0.0584882273781031,0.1407619856,50,12,0.5,"noise",3
0.0771165899084393,0.0568433366694505,0.1393078836,50,12,0.5,"noise",4
0.0798460545498306,0.0598594137550116,0.1381483828,50,12,0.5,"noise",5
0.0829598389640847,0.0626640659379566,0.1395947592,50,12,0.5,"noise",6
0.0901066060755779,0.0692307535544533,0.140216654,50,12,0.5,"noise",7
0.0871852498479243,0.0659335250517209,0.1376531944,50,12,0.5,"noise",8
0.071018942702543,0.0529667794277465,0.1391249112,50,12,0.5,"noise",9
0.0769975339782451,0.0577049027896127,0.1380699064,50,12,0.5,"noise",10
0.0955685894647774,0.0750876766960058,0.1935332112,50,12,0.5,"halfnoise",1
0.091920250811636,0.0724137324483605,0.194402898,50,12,0.5,"halfnoise",2
0.0884958150170571,0.0695925954765194,0.19265157,50,12,0.5,"halfnoise",3
0.0835847694479398,0.0661724214578006,0.190139308,50,12,0.5,"halfnoise",4
0.0833561897354934,0.0653936094460783,0.1922031468,50,12,0.5,"halfnoise",5
0.0816935679634222,0.0646588172409978,0.1895363992,50,12,0.5,"halfnoise",6
0.0870395882893749,0.0689018122129243,0.189060626,50,12,0.5,"halfnoise",7
0.0835625558932808,0.065585346967438,0.191283662,50,12,0.5,"halfnoise",8
0.0845569420520067,0.0663986097833876,0.1894884328,50,12,0.5,"halfnoise",9
0.0881984557384333,0.0699320509152523,0.1917332112,50,12,0.5,"halfnoise",10
