"rMPSE","MAPE","Brier","EPV","P","rho","beta_pattern","sim","model"
0.144649204467036,0.117608717980939,0.227291280053385,5,4,0,"equal",1,"Ridge"
0.0612377545959216,0.0486854053737304,0.210520033920845,5,4,0,"equal",2,"Ridge"
0.142840307676402,0.11683025903451,0.22722556762163,5,4,0,"equal",3,"Ridge"
0.221598340659686,0.179699596584021,0.256086410450783,5,4,0,"equal",4,"Ridge"
0.18651485241034,0.152543258255044,0.240433224472937,5,4,0,"equal",5,"Ridge"
0.170050923843471,0.137493272364361,0.236087710989253,5,4,0,"equal",6,"Ridge"
0.226797782518436,0.18960478380363,0.255547894865746,5,4,0,"equal",7,"Ridge"
0.176962114416589,0.146844777777024,0.238349827764941,5,4,0,"equal",8,"Ridge"
0.130234599957595,0.106910044610579,0.223477506929268,5,4,0,"equal",9,"Ridge"
0.168298472545758,0.137742081980521,0.23033696055326,5,4,0,"equal",10,"Ridge"
0.116586173956029,0.099884945168256,0.217792447328836,5,4,0,"strong",1,"Ridge"
0.168519126101045,0.13819763242743,0.230885912402442,5,4,0,"strong",2,"Ridge"
0.15675172721191,0.133107603168653,0.228466368435936,5,4,0,"strong",3,"Ridge"
0.227769608362002,0.189749128915278,0.255399408267817,5,4,0,"strong",4,"Ridge"
0.0852619414570345,0.0736485797489882,0.211267314268129,5,4,0,"strong",5,"Ridge"
0.14180993400773,0.116060241818238,0.224606244069532,5,4,0,"strong",6,"Ridge"
0.0879368354978954,0.0684830890623198,0.212575834639359,5,4,0,"strong",7,"Ridge"
0.129522794657549,0.10294939996482,0.221480218343976,5,4,0,"strong",8,"Ridge"
0.135036254298338,0.108418722803988,0.221921333633109,5,4,0,"strong",9,"Ridge"
0.16601869460537,0.136640907246619,0.230517072433376,5,4,0,"strong",10,"Ridge"
0.0821517002951036,0.0670052283804113,0.241719549564181,5,4,0,"noise",1,"Ridge"
0.126861134263813,0.119280854383172,0.249598074207274,5,4,0,"noise",2,"Ridge"
0.140548467896628,0.11689644556186,0.255072781212013,5,4,0,"noise",3,"Ridge"
0.124881230152802,0.101188556840564,0.250487338711225,5,4,0,"noise",4,"Ridge"
0.0704141278850842,0.0655068331488819,0.240606574854647,5,4,0,"noise",5,"Ridge"
0.202138140418157,0.16426921453141,0.275068104014128,5,4,0,"noise",6,"Ridge"
0.14453071468152,0.117084573645182,0.255569628857152,5,4,0,"noise",7,"Ridge"
0.142768578382817,0.11826626431803,0.254665005467646,5,4,0,"noise",8,"Ridge"
0.13125752023769,0.106237240087511,0.25236,5,4,0,"noise",9,"Ridge"
0.0810465911228584,0.0657543878938699,0.241522852619801,5,4,0,"noise",10,"Ridge"
0.161116495498859,0.135489093852053,0.26485,5,4,0,"halfnoise",1,"Ridge"
0.075192460036793,0.0606683676657144,0.24319288183851,5,4,0,"halfnoise",2,"Ridge"
0.0757084869380643,0.0613353984357463,0.245390183396156,5,4,0,"halfnoise",3,"Ridge"
0.142683557624506,0.117511086092141,0.26046,5,4,0,"halfnoise",4,"Ridge"
0.122103618598575,0.101999025497841,0.254437413386519,5,4,0,"halfnoise",5,"Ridge"
0.052482746970302,0.042789054625288,0.242765227023202,5,4,0,"halfnoise",6,"Ridge"
0.18269732786693,0.15832458945886,0.275693680494025,5,4,0,"halfnoise",7,"Ridge"
0.104389229605111,0.0844238500929289,0.25091598348905,5,4,0,"halfnoise",8,"Ridge"
0.132138334853082,0.111990923655939,0.257085387086695,5,4,0,"halfnoise",9,"Ridge"
0.102893405670785,0.0831412914734605,0.25,5,4,0,"halfnoise",10,"Ridge"
0.0699681334733203,0.0585593613293889,0.177194357391932,5,4,0.5,"equal",1,"Ridge"
0.153293663047825,0.120873339368304,0.193294485207964,5,4,0.5,"equal",2,"Ridge"
0.0718517040034365,0.0561172324551927,0.174283763456712,5,4,0.5,"equal",3,"Ridge"
0.092679643278426,0.0781963508138677,0.183312424937438,5,4,0.5,"equal",4,"Ridge"
0.0936282726566804,0.0764126710007326,0.181551446244648,5,4,0.5,"equal",5,"Ridge"
0.0826608988522196,0.0744148809788565,0.178530658603262,5,4,0.5,"equal",6,"Ridge"
0.120141173127973,0.101320216378937,0.18712500553798,5,4,0.5,"equal",7,"Ridge"
0.0836996010502737,0.0714323537084136,0.177416871693384,5,4,0.5,"equal",8,"Ridge"
0.117826108912355,0.101102326481533,0.18540628420002,5,4,0.5,"equal",9,"Ridge"
0.0511995184348401,0.0448361149248754,0.173748272219898,5,4,0.5,"equal",10,"Ridge"
0.109704140131817,0.0863118957231695,0.197676201191258,5,4,0.5,"strong",1,"Ridge"
0.120659969824141,0.0978872057309962,0.19866559337531,5,4,0.5,"strong",2,"Ridge"
0.190679808707537,0.147751606422253,0.22185250423168,5,4,0.5,"strong",3,"Ridge"
0.13472417845115,0.107433561854835,0.20601632997842,5,4,0.5,"strong",4,"Ridge"
0.14194309350959,0.113242021410504,0.206741090501171,5,4,0.5,"strong",5,"Ridge"
0.204402887120109,0.168530559800102,0.228628273134545,5,4,0.5,"strong",6,"Ridge"
0.210367534403965,0.173951019022677,0.22745920883829,5,4,0.5,"strong",7,"Ridge"
0.0718622139112762,0.0576459942030623,0.189290291679024,5,4,0.5,"strong",8,"Ridge"
0.103833375235292,0.0849633761717398,0.196851438617553,5,4,0.5,"strong",9,"Ridge"
0.113709782996207,0.0977528730745939,0.197161161540558,5,4,0.5,"strong",10,"Ridge"
0.11066994345698,0.0919785591496581,0.235680903532691,5,4,0.5,"noise",1,"Ridge"
0.12095122157836,0.1004163461165,0.236968417674688,5,4,0.5,"noise",2,"Ridge"
0.140177756252682,0.117786384403899,0.241029822313855,5,4,0.5,"noise",3,"Ridge"
0.113696867049818,0.0946805257855229,0.236998086731367,5,4,0.5,"noise",4,"Ridge"
0.15965689539274,0.133811907690585,0.247073036363416,5,4,0.5,"noise",5,"Ridge"
0.112463419232035,0.0935859702765268,0.235991282942118,5,4,0.5,"noise",6,"Ridge"
0.0579575470314112,0.0467048042724018,0.225557326377899,5,4,0.5,"noise",7,"Ridge"
0.108111572394284,0.0898811385314031,0.234425160156044,5,4,0.5,"noise",8,"Ridge"
0.114992487327306,0.0985143045008682,0.235992528786794,5,4,0.5,"noise",9,"Ridge"
0.0294097167783979,0.0242145247347833,0.225786911268805,5,4,0.5,"noise",10,"Ridge"
0.129640702910252,0.104954216087711,0.252278422797174,5,4,0.5,"halfnoise",1,"Ridge"
0.0798179416680233,0.0642174335645111,0.241736161964861,5,4,0.5,"halfnoise",2,"Ridge"
0.123127739493388,0.0998529498614016,0.250489532272613,5,4,0.5,"halfnoise",3,"Ridge"
0.143958861702558,0.11675859972416,0.255115,5,4,0.5,"halfnoise",4,"Ridge"
0.156591696146314,0.127811910093097,0.25882,5,4,0.5,"halfnoise",5,"Ridge"
0.226292096685934,0.189214323100286,0.284966035467769,5,4,0.5,"halfnoise",6,"Ridge"
0.0812928361023196,0.0664559688374261,0.241882023664067,5,4,0.5,"halfnoise",7,"Ridge"
0.197376123824497,0.169723495814586,0.273730015554933,5,4,0.5,"halfnoise",8,"Ridge"
0.191839917284645,0.176845545120651,0.269596505767832,5,4,0.5,"halfnoise",9,"Ridge"
0.158064588926037,0.129067624433155,0.25904,5,4,0.5,"halfnoise",10,"Ridge"
0.105410600494713,0.0811649421972613,0.191591936279456,5,8,0,"equal",1,"Ridge"
0.179893305092707,0.14735695843542,0.214208496219727,5,8,0,"equal",2,"Ridge"
0.168204624987773,0.138491317967447,0.211363162934314,5,8,0,"equal",3,"Ridge"
0.135344484724029,0.103012899794824,0.203233893324226,5,8,0,"equal",4,"Ridge"
0.156802107493194,0.130707452959389,0.206754384728686,5,8,0,"equal",5,"Ridge"
0.152552704214577,0.128792993678766,0.207290087586686,5,8,0,"equal",6,"Ridge"
0.117574118271241,0.0926987075574044,0.193819795544078,5,8,0,"equal",7,"Ridge"
0.176052297169918,0.134039956834681,0.217311330104036,5,8,0,"equal",8,"Ridge"
0.104440457478853,0.0797290672932631,0.19374103216001,5,8,0,"equal",9,"Ridge"
0.147607302225812,0.112515118004375,0.207552233173285,5,8,0,"equal",10,"Ridge"
0.156094183692532,0.125814107299094,0.223803649182954,5,8,0,"strong",1,"Ridge"
0.130853018838367,0.108197142812724,0.218306151154224,5,8,0,"strong",2,"Ridge"
0.117981643784155,0.0922214689277577,0.214321122345119,5,8,0,"strong",3,"Ridge"
0.170256762048344,0.13488498068294,0.227185726390981,5,8,0,"strong",4,"Ridge"
0.0916040114549091,0.0723356160885262,0.204842208000005,5,8,0,"strong",5,"Ridge"
0.152855789913904,0.130077399004403,0.219298220965274,5,8,0,"strong",6,"Ridge"
0.078786199208059,0.0621756985131919,0.20472762127518,5,8,0,"strong",7,"Ridge"
0.15510340376187,0.12933184560652,0.223422917032695,5,8,0,"strong",8,"Ridge"
0.232499047075819,0.194530506104782,0.251382254454153,5,8,0,"strong",9,"Ridge"
0.106916727829201,0.0847440441312276,0.210644509988519,5,8,0,"strong",10,"Ridge"
0.145844067147531,0.118841357336076,0.239321462088913,5,8,0,"noise",1,"Ridge"
0.113084886854933,0.0917179009664373,0.231660000237018,5,8,0,"noise",2,"Ridge"
0.0831587228229093,0.0657926653752095,0.225100100277959,5,8,0,"noise",3,"Ridge"
0.10769213380594,0.0891969265397339,0.23107612412302,5,8,0,"noise",4,"Ridge"
0.155071371724532,0.128029856045782,0.243860548404448,5,8,0,"noise",5,"Ridge"
0.172775532398177,0.141760599925527,0.248446205797642,5,8,0,"noise",6,"Ridge"
0.111813757390722,0.0893688717310851,0.230101881221283,5,8,0,"noise",7,"Ridge"
0.145072810655326,0.11894164663851,0.239762834292491,5,8,0,"noise",8,"Ridge"
0.112947135322488,0.089380844407726,0.232643528004428,5,8,0,"noise",9,"Ridge"
0.120033969130059,0.0981325402968248,0.234534342070232,5,8,0,"noise",10,"Ridge"
0.0847896137823305,0.0686894294037755,0.238998206034753,5,8,0,"halfnoise",1,"Ridge"
0.14407033697465,0.115889684112302,0.251512958762792,5,8,0,"halfnoise",2,"Ridge"
0.0971497018117973,0.0777222012148307,0.241075617522906,5,8,0,"halfnoise",3,"Ridge"
0.126291499435055,0.102347675921772,0.247384378053887,5,8,0,"halfnoise",4,"Ridge"
0.0863771680469673,0.0690560863997315,0.237358895042061,5,8,0,"halfnoise",5,"Ridge"
0.110212166839584,0.0882624323599931,0.24299887776315,5,8,0,"halfnoise",6,"Ridge"
0.152514801338307,0.123557502881821,0.25495625,5,8,0,"halfnoise",7,"Ridge"
0.0838586787974649,0.0675526772948726,0.238038620484908,5,8,0,"halfnoise",8,"Ridge"
0.140752681392208,0.115043091777282,0.250422421092562,5,8,0,"halfnoise",9,"Ridge"
0.122460054107082,0.0987774580165838,0.244674018430569,5,8,0,"halfnoise",10,"Ridge"
0.157473911047002,0.138075866913262,0.138473430062009,5,8,0.5,"equal",1,"Ridge"
0.091705089496183,0.0667459805781744,0.123651304461246,5,8,0.5,"equal",2,"Ridge"
0.0891270742029695,0.0628294771563679,0.121036753156112,5,8,0.5,"equal",3,"Ridge"
0.103838409604919,0.0933625828563415,0.124534825131641,5,8,0.5,"equal",4,"Ridge"
0.149385134122675,0.0988953644489334,0.133571642724071,5,8,0.5,"equal",5,"Ridge"
0.0987697529151784,0.080786091835784,0.128607510473325,5,8,0.5,"equal",6,"Ridge"
0.0681453423324491,0.0449481780059532,0.120017740432394,5,8,0.5,"equal",7,"Ridge"
0.114930143260088,0.0974904748666442,0.129402347704812,5,8,0.5,"equal",8,"Ridge"
0.0973617174812022,0.0856464281968901,0.121622557512905,5,8,0.5,"equal",9,"Ridge"
0.11964974941215,0.091490983483562,0.131562660085278,5,8,0.5,"equal",10,"Ridge"
0.0850210996459727,0.0631664498722982,0.164868303134831,5,8,0.5,"strong",1,"Ridge"
0.113609465482556,0.0922794447632787,0.169944993751806,5,8,0.5,"strong",2,"Ridge"
0.135041811413145,0.0993088979522275,0.175272524312409,5,8,0.5,"strong",3,"Ridge"
0.111052375932846,0.0933036693548867,0.171130449562376,5,8,0.5,"strong",4,"Ridge"
0.0974961432306377,0.075175726150656,0.16573308745412,5,8,0.5,"strong",5,"Ridge"
0.152144882591911,0.116943863971936,0.179582947323588,5,8,0.5,"strong",6,"Ridge"
0.200013116402345,0.156648605604468,0.197101180448703,5,8,0.5,"strong",7,"Ridge"
0.146314565898343,0.126947277481944,0.178099935943709,5,8,0.5,"strong",8,"Ridge"
0.0540653084824529,0.0436357412676677,0.162046688165218,5,8,0.5,"strong",9,"Ridge"
0.106649763622872,0.0856395273394142,0.167530565504704,5,8,0.5,"strong",10,"Ridge"
0.0855698563786655,0.0686120512975047,0.175479308444109,5,8,0.5,"noise",1,"Ridge"
0.0554438627500886,0.0468349290090472,0.172443287909008,5,8,0.5,"noise",2,"Ridge"
0.0898850814606757,0.0723114002655817,0.180209615872444,5,8,0.5,"noise",3,"Ridge"
0.0541568627446715,0.0404864467556684,0.176566423264136,5,8,0.5,"noise",4,"Ridge"
0.111882937172819,0.0988465458454473,0.184155813674456,5,8,0.5,"noise",5,"Ridge"
0.103309413924643,0.0893536010655673,0.182067893615181,5,8,0.5,"noise",6,"Ridge"
0.099991972592957,0.0777663747947458,0.179567944631454,5,8,0.5,"noise",7,"Ridge"
0.0859585397241041,0.07187151492434,0.179723154533551,5,8,0.5,"noise",8,"Ridge"
0.112295789952735,0.0995376639153633,0.185200952851361,5,8,0.5,"noise",9,"Ridge"
0.0834632181879833,0.067569687975144,0.177343668881941,5,8,0.5,"noise",10,"Ridge"
0.106069991928187,0.0851688880462808,0.221458076213354,5,8,0.5,"halfnoise",1,"Ridge"
0.109765936665192,0.086317491232547,0.225697465784615,5,8,0.5,"halfnoise",2,"Ridge"
0.162716850997017,0.136199489872714,0.23540970540548,5,8,0.5,"halfnoise",3,"Ridge"
0.135504098808913,0.10747966656044,0.228109057303158,5,8,0.5,"halfnoise",4,"Ridge"
0.161447891123913,0.134236305614382,0.234836304411033,5,8,0.5,"halfnoise",5,"Ridge"
0.0859976619161044,0.0700725134021572,0.218477461352499,5,8,0.5,"halfnoise",6,"Ridge"
0.0892568690719201,0.0750938158201997,0.21766657923368,5,8,0.5,"halfnoise",7,"Ridge"
0.0739986464410461,0.0597456288571574,0.212648945020846,5,8,0.5,"halfnoise",8,"Ridge"
0.0696620854566894,0.0563051693158662,0.211349513969055,5,8,0.5,"halfnoise",9,"Ridge"
0.0855351704350143,0.0708700512523245,0.217511114754256,5,8,0.5,"halfnoise",10,"Ridge"
0.163426564325476,0.133512713697307,0.192272904710588,5,12,0,"equal",1,"Ridge"
0.147228014408089,0.113457594374249,0.183116452186811,5,12,0,"equal",2,"Ridge"
0.133162892251217,0.101725828236739,0.184117433601416,5,12,0,"equal",3,"Ridge"
0.135903420923484,0.100105225694185,0.185449884638521,5,12,0,"equal",4,"Ridge"
0.152222678322352,0.113226463521803,0.18526606901104,5,12,0,"equal",5,"Ridge"
0.139399697128048,0.108930182329655,0.186080499849638,5,12,0,"equal",6,"Ridge"
0.156662797577776,0.118023059422878,0.191454312010022,5,12,0,"equal",7,"Ridge"
0.142530455311713,0.105859704654007,0.185875472080103,5,12,0,"equal",8,"Ridge"
0.122532430712003,0.0975505035190877,0.177488630543865,5,12,0,"equal",9,"Ridge"
0.146788761403419,0.109578793809535,0.187914979803338,5,12,0,"equal",10,"Ridge"
0.131911594211018,0.103324353322718,0.20637045407304,5,12,0,"strong",1,"Ridge"
0.190002884597023,0.154269370774678,0.23073357976325,5,12,0,"strong",2,"Ridge"
0.106452642775538,0.0882691220011799,0.20558113346253,5,12,0,"strong",3,"Ridge"
0.0984325347792723,0.0789956093966548,0.202876008845617,5,12,0,"strong",4,"Ridge"
0.137760817377459,0.109848800445484,0.211856084360496,5,12,0,"strong",5,"Ridge"
0.146971651243037,0.117029850049094,0.214164378000949,5,12,0,"strong",6,"Ridge"
0.167536596519009,0.13699472908051,0.223438601261091,5,12,0,"strong",7,"Ridge"
0.205451925580219,0.175826048874941,0.237347951062011,5,12,0,"strong",8,"Ridge"
0.107342210061418,0.0843684205613508,0.20841798830848,5,12,0,"strong",9,"Ridge"
0.116546368991102,0.0971176260452187,0.210360431767899,5,12,0,"strong",10,"Ridge"
0.112124441232335,0.089330159640896,0.218763394837808,5,12,0,"noise",1,"Ridge"
0.189950981618007,0.15317628090435,0.241356477787419,5,12,0,"noise",2,"Ridge"
0.148094908884031,0.116609610545264,0.230728161587179,5,12,0,"noise",3,"Ridge"
0.168024347829819,0.137469043390177,0.234893849372712,5,12,0,"noise",4,"Ridge"
0.116699158974073,0.0961489766538536,0.219750099612883,5,12,0,"noise",5,"Ridge"
0.139667630738187,0.115023620671707,0.226730664936316,5,12,0,"noise",6,"Ridge"
0.0959253491398129,0.0752033559236561,0.216867334694606,5,12,0,"noise",7,"Ridge"
0.16616625771896,0.138530116187693,0.233995355521077,5,12,0,"noise",8,"Ridge"
0.163628701042494,0.13156450433484,0.231285145125129,5,12,0,"noise",9,"Ridge"
0.121664320484422,0.0964098999316573,0.221268896947751,5,12,0,"noise",10,"Ridge"
0.0863642672564394,0.0696414315565219,0.230684371896068,5,12,0,"halfnoise",1,"Ridge"
0.129523185955713,0.106869797719988,0.239827795058458,5,12,0,"halfnoise",2,"Ridge"
0.167590721205141,0.138045271257486,0.251951940670722,5,12,0,"halfnoise",3,"Ridge"
0.130708339910624,0.10630375018188,0.24075662247156,5,12,0,"halfnoise",4,"Ridge"
0.0870631900982202,0.0692730367023916,0.231844979858939,5,12,0,"halfnoise",5,"Ridge"
0.166966394141221,0.135867175676981,0.25088612587799,5,12,0,"halfnoise",6,"Ridge"
0.148630516167123,0.118938061933625,0.247113862806683,5,12,0,"halfnoise",7,"Ridge"
0.120725364261124,0.0982211921045881,0.236146077447549,5,12,0,"halfnoise",8,"Ridge"
0.164163624435341,0.135464832808521,0.249994399525075,5,12,0,"halfnoise",9,"Ridge"
0.130282944041043,0.107939499507647,0.240564936408142,5,12,0,"halfnoise",10,"Ridge"
0.0954831971297225,0.0607578105740962,0.0942154896281293,5,12,0.5,"equal",1,"Ridge"
0.0576523175181116,0.0325517625457443,0.0845359301027638,5,12,0.5,"equal",2,"Ridge"
0.126276425284309,0.0797493497200619,0.099078845386855,5,12,0.5,"equal",3,"Ridge"
0.0667678769539921,0.0384962621347886,0.0870131579102237,5,12,0.5,"equal",4,"Ridge"
0.066155628671338,0.039066547269155,0.0890181516834751,5,12,0.5,"equal",5,"Ridge"
0.109162289779001,0.0748785302422846,0.0945052074817831,5,12,0.5,"equal",6,"Ridge"
0.0848196311572653,0.0612914202251295,0.0915276904943329,5,12,0.5,"equal",7,"Ridge"
0.0984505626812321,0.0630976856852361,0.0949547421407755,5,12,0.5,"equal",8,"Ridge"
0.0961123653253869,0.0595067249591843,0.0947783915227236,5,12,0.5,"equal",9,"Ridge"
0.0989056498550372,0.0697486284180199,0.0941959844100383,5,12,0.5,"equal",10,"Ridge"
0.0901253896003624,0.0612675284272993,0.142249429149599,5,12,0.5,"strong",1,"Ridge"
0.0837973292380962,0.0686670924354396,0.142967105456101,5,12,0.5,"strong",2,"Ridge"
0.113386767711091,0.0809281744123964,0.147164493699757,5,12,0.5,"strong",3,"Ridge"
0.0959206731669646,0.075048686462752,0.140248342258323,5,12,0.5,"strong",4,"Ridge"
0.110166194651694,0.080465897352984,0.150672637549114,5,12,0.5,"strong",5,"Ridge"
0.0811665743946327,0.0684036443744832,0.141434817256642,5,12,0.5,"strong",6,"Ridge"
0.096788419026904,0.0722240082928912,0.14334666425479,5,12,0.5,"strong",7,"Ridge"
0.0807614577400308,0.0581998799894787,0.139916987034092,5,12,0.5,"strong",8,"Ridge"
0.0852326749743118,0.064336513097462,0.1397974660035,5,12,0.5,"strong",9,"Ridge"
0.139197778012008,0.099257813601637,0.15283737682941,5,12,0.5,"strong",10,"Ridge"
0.0854584150024714,0.0634562835765769,0.138790980048106,5,12,0.5,"noise",1,"Ridge"
0.0630476279574979,0.0443017850403196,0.135097221619122,5,12,0.5,"noise",2,"Ridge"
0.101876553945594,0.0893768917666035,0.144341643058995,5,12,0.5,"noise",3,"Ridge"
0.0787435689242958,0.0605836270507218,0.139897024012182,5,12,0.5,"noise",4,"Ridge"
0.0726159382159703,0.0613804582814754,0.138807692832014,5,12,0.5,"noise",5,"Ridge"
0.0983978133772007,0.0699413238061466,0.14521568035432,5,12,0.5,"noise",6,"Ridge"
0.120865902374776,0.0876281069195253,0.147386062366375,5,12,0.5,"noise",7,"Ridge"
0.102018014609029,0.0914992710244893,0.141684065863727,5,12,0.5,"noise",8,"Ridge"
0.0703459298305758,0.0524319316753689,0.139741131146216,5,12,0.5,"noise",9,"Ridge"
0.0876541791092771,0.0738748585239839,0.140765426980816,5,12,0.5,"noise",10,"Ridge"
0.0969129234663255,0.0819555339853541,0.192934589466847,5,12,0.5,"halfnoise",1,"Ridge"
0.11392028012491,0.0926450661759624,0.196894941029454,5,12,0.5,"halfnoise",2,"Ridge"
0.0761655287789793,0.0620068257390348,0.189094356395477,5,12,0.5,"halfnoise",3,"Ridge"
0.0899754891019744,0.0717267186922803,0.192195503539802,5,12,0.5,"halfnoise",4,"Ridge"
0.100171137457948,0.0809675635473622,0.195239568842908,5,12,0.5,"halfnoise",5,"Ridge"
0.0620849462486496,0.0500432864483515,0.183201976532965,5,12,0.5,"halfnoise",6,"Ridge"
0.090462758471867,0.075126343151673,0.196429791056345,5,12,0.5,"halfnoise",7,"Ridge"
0.0990309131220316,0.079223900001141,0.193649799472703,5,12,0.5,"halfnoise",8,"Ridge"
0.0893769027958242,0.0757722125651012,0.190869417898356,5,12,0.5,"halfnoise",9,"Ridge"
0.10952555389101,0.0867665460613517,0.194972766476933,5,12,0.5,"halfnoise",10,"Ridge"
0.052350382546648,0.0423654200729738,0.210197485622107,10,4,0,"equal",1,"Ridge"
0.0893936226005277,0.0705557414802642,0.214787968396581,10,4,0,"equal",2,"Ridge"
0.0938854339816495,0.0741834375689234,0.21420796020588,10,4,0,"equal",3,"Ridge"
0.121445662988928,0.101304707955732,0.219266332072368,10,4,0,"equal",4,"Ridge"
0.123252606024611,0.0994727348830671,0.223185655886741,10,4,0,"equal",5,"Ridge"
0.0723261696272336,0.056613255899892,0.212053611059733,10,4,0,"equal",6,"Ridge"
0.0908681838987629,0.0787923634494936,0.210303253227607,10,4,0,"equal",7,"Ridge"
0.0836238153905478,0.071958060190315,0.213375709070332,10,4,0,"equal",8,"Ridge"
0.0844043766656908,0.0720974614226424,0.213358219069196,10,4,0,"equal",9,"Ridge"
0.143199797048877,0.116279831518041,0.226896205656597,10,4,0,"equal",10,"Ridge"
0.105215671525813,0.0887416591938959,0.213048318085375,10,4,0,"strong",1,"Ridge"
0.082808642008383,0.0670099658365956,0.209781143811571,10,4,0,"strong",2,"Ridge"
0.159788756139065,0.129599240839904,0.230764590412917,10,4,0,"strong",3,"Ridge"
0.0785717045359275,0.0658582628133564,0.207285045460012,10,4,0,"strong",4,"Ridge"
0.135359872596143,0.107143459817954,0.221038930975481,10,4,0,"strong",5,"Ridge"
0.134774058897032,0.115221128830992,0.222725099206051,10,4,0,"strong",6,"Ridge"
0.0850033419174001,0.070799979445446,0.208271859434613,10,4,0,"strong",7,"Ridge"
0.0656158240516597,0.0572961432209623,0.208899775934371,10,4,0,"strong",8,"Ridge"
0.173363819695468,0.147320435147264,0.233142544872529,10,4,0,"strong",9,"Ridge"
0.0546994601710138,0.0426363451286979,0.207907426766729,10,4,0,"strong",10,"Ridge"
0.132681832035146,0.107565470087783,0.2527,10,4,0,"noise",1,"Ridge"
0.179780020664249,0.146851679410804,0.270522955523197,10,4,0,"noise",2,"Ridge"
0.115195530678192,0.0935143821230309,0.24844219485102,10,4,0,"noise",3,"Ridge"
0.0859018575701046,0.0690770338533242,0.242728867234149,10,4,0,"noise",4,"Ridge"
0.167087831722075,0.136667637294254,0.26207125,10,4,0,"noise",5,"Ridge"
0.0621825402476698,0.0505888929589059,0.241820107779513,10,4,0,"noise",6,"Ridge"
0.11194963218478,0.0942168915125577,0.246899348530228,10,4,0,"noise",7,"Ridge"
0.161235795323396,0.138814463087218,0.259399751574961,10,4,0,"noise",8,"Ridge"
0.12242001851995,0.099338076349846,0.249973985465906,10,4,0,"noise",9,"Ridge"
0.155312214438753,0.134943772936199,0.258716917985708,10,4,0,"noise",10,"Ridge"
0.132804354300298,0.108307271804193,0.258221193146297,10,4,0,"halfnoise",1,"Ridge"
0.0634179835862115,0.0506621631864974,0.243393906102302,10,4,0,"halfnoise",2,"Ridge"
0.0883043410233545,0.0717500419436657,0.24775044180827,10,4,0,"halfnoise",3,"Ridge"
0.090614693357795,0.074760631883797,0.246464968528932,10,4,0,"halfnoise",4,"Ridge"
0.119714212290469,0.0966677100542096,0.25288125,10,4,0,"halfnoise",5,"Ridge"
0.11973468280108,0.0969863673136376,0.254418608277212,10,4,0,"halfnoise",6,"Ridge"
0.102505021504118,0.0825308406089682,0.25,10,4,0,"halfnoise",7,"Ridge"
0.133880969278903,0.109580600522096,0.257514705048514,10,4,0,"halfnoise",8,"Ridge"
0.143608480052772,0.118085753833088,0.26084,10,4,0,"halfnoise",9,"Ridge"
0.150048767967461,0.128019667053685,0.261519444854043,10,4,0,"halfnoise",10,"Ridge"
0.0706668495666163,0.0609357682308136,0.180169825890713,10,4,0.5,"equal",1,"Ridge"
0.111342853356578,0.0988005366559296,0.18422229950315,10,4,0.5,"equal",2,"Ridge"
0.152913655660672,0.124169789207399,0.195717649163957,10,4,0.5,"equal",3,"Ridge"
0.0549710296680715,0.0422721711417876,0.173670572917277,10,4,0.5,"equal",4,"Ridge"
0.114219589894942,0.0969351781580525,0.18394575332376,10,4,0.5,"equal",5,"Ridge"
0.0983559452580948,0.078818801792388,0.181819162326438,10,4,0.5,"equal",6,"Ridge"
0.03566304274968,0.0295928516544049,0.173368916442605,10,4,0.5,"equal",7,"Ridge"
0.0640807698737727,0.0514770696169487,0.177435382579448,10,4,0.5,"equal",8,"Ridge"
0.161214953107818,0.121095901202704,0.200952602163855,10,4,0.5,"equal",9,"Ridge"
0.0938815383771069,0.0749673677609722,0.182527437219218,10,4,0.5,"equal",10,"Ridge"
0.0764361720030762,0.0629046618018166,0.190954186670739,10,4,0.5,"strong",1,"Ridge"
0.172842773009493,0.132787954045215,0.214601957460145,10,4,0.5,"strong",2,"Ridge"
0.0810656194756951,0.0624089808375981,0.188959227700647,10,4,0.5,"strong",3,"Ridge"
0.109883204017004,0.0858945850268501,0.195307139283178,10,4,0.5,"strong",4,"Ridge"
0.0933072212770511,0.07533094951286,0.19352961183627,10,4,0.5,"strong",5,"Ridge"
0.0820266269729256,0.0685069026233279,0.1921780667439,10,4,0.5,"strong",6,"Ridge"
0.0899782917039365,0.0695439880464377,0.192330514316299,10,4,0.5,"strong",7,"Ridge"
0.0879601597120452,0.0777307507078625,0.193410642330959,10,4,0.5,"strong",8,"Ridge"
0.0925642905080172,0.0736744952865122,0.197135726461932,10,4,0.5,"strong",9,"Ridge"
0.11638381253805,0.0962939003913189,0.200216718170762,10,4,0.5,"strong",10,"Ridge"
0.122214359310649,0.100545207585311,0.236383070861249,10,4,0.5,"noise",1,"Ridge"
0.0638222515338774,0.0524444762448026,0.22957143283282,10,4,0.5,"noise",2,"Ridge"
0.123900885115183,0.100251183988392,0.237230826942888,10,4,0.5,"noise",3,"Ridge"
0.0920826480164854,0.0777149255275637,0.229445965070701,10,4,0.5,"noise",4,"Ridge"
0.171109742377728,0.138691913093813,0.25097867815807,10,4,0.5,"noise",5,"Ridge"
0.0683221232230207,0.055741328456714,0.229851584870861,10,4,0.5,"noise",6,"Ridge"
0.105922150524108,0.0859135389657434,0.234706731597997,10,4,0.5,"noise",7,"Ridge"
0.13111416551273,0.10757171258213,0.240280389709457,10,4,0.5,"noise",8,"Ridge"
0.12666809331006,0.105145805567552,0.238834550826536,10,4,0.5,"noise",9,"Ridge"
0.0840711036504972,0.0685717996853581,0.229127360078117,10,4,0.5,"noise",10,"Ridge"
0.0730062091368865,0.0615289441858133,0.241098459800364,10,4,0.5,"halfnoise",1,"Ridge"
0.0706333452796514,0.0579035174898291,0.240688458387349,10,4,0.5,"halfnoise",2,"Ridge"
0.0650163644573441,0.0532585480138365,0.238967783160505,10,4,0.5,"halfnoise",3,"Ridge"
0.102815709459782,0.0838089099388018,0.245837374567377,10,4,0.5,"halfnoise",4,"Ridge"
0.0462497948902027,0.0366717149264,0.237248361356845,10,4,0.5,"halfnoise",5,"Ridge"
0.0551449849645889,0.0457405344382088,0.239309531953525,10,4,0.5,"halfnoise",6,"Ridge"
0.194496196792605,0.163678469937797,0.271613510127171,10,4,0.5,"halfnoise",7,"Ridge"
0.0455942700862132,0.0376663261998056,0.235581629405382,10,4,0.5,"halfnoise",8,"Ridge"
0.0780627958422002,0.0625990242350768,0.241385367666295,10,4,0.5,"halfnoise",9,"Ridge"
0.103739322925111,0.0844807457489093,0.245133276215392,10,4,0.5,"halfnoise",10,"Ridge"
0.0808502625676572,0.0657033394803165,0.188763319579784,10,8,0,"equal",1,"Ridge"
0.114856635416063,0.0904287863251871,0.193451189523359,10,8,0,"equal",2,"Ridge"
0.134626044146612,0.105159067664847,0.197968510155436,10,8,0,"equal",3,"Ridge"
0.105147045649948,0.0892205435017929,0.191286608042864,10,8,0,"equal",4,"Ridge"
0.136022543730091,0.106546759412144,0.199178846072311,10,8,0,"equal",5,"Ridge"
0.0964072333786893,0.0732168328371204,0.188583390179538,10,8,0,"equal",6,"Ridge"
0.114482863939808,0.0912075497064154,0.195446613199185,10,8,0,"equal",7,"Ridge"
0.0777443871337443,0.0618821212609054,0.18857097695808,10,8,0,"equal",8,"Ridge"
0.118484726917441,0.0980344615881764,0.195891507401646,10,8,0,"equal",9,"Ridge"
0.0706844659298983,0.055191814291663,0.185686770982136,10,8,0,"equal",10,"Ridge"
0.105980419203348,0.0850018642142973,0.210855980655817,10,8,0,"strong",1,"Ridge"
0.135911945800395,0.111892249751467,0.217035408363508,10,8,0,"strong",2,"Ridge"
0.0507373095936922,0.0393290973358528,0.198011293005721,10,8,0,"strong",3,"Ridge"
0.148971597338401,0.118959133034324,0.21727544473925,10,8,0,"strong",4,"Ridge"
0.108724011085613,0.0840792401417498,0.209717412306807,10,8,0,"strong",5,"Ridge"
0.0983962172556004,0.0762614093757149,0.210012012134912,10,8,0,"strong",6,"Ridge"
0.109218150100034,0.0922716478470399,0.210293283717032,10,8,0,"strong",7,"Ridge"
0.0989976191975773,0.0772214963491055,0.207096436363471,10,8,0,"strong",8,"Ridge"
0.124726186020365,0.10673941163984,0.212898251515161,10,8,0,"strong",9,"Ridge"
0.11391915571952,0.0946275843573862,0.213250969593276,10,8,0,"strong",10,"Ridge"
0.0784292650762264,0.062333503224754,0.226169049826594,10,8,0,"noise",1,"Ridge"
0.0998109504359003,0.0814478836038091,0.229816281875148,10,8,0,"noise",2,"Ridge"
0.10116560325583,0.0799668362286166,0.229795773768811,10,8,0,"noise",3,"Ridge"
0.10411832187505,0.0825954618001832,0.231965934553749,10,8,0,"noise",4,"Ridge"
0.0990090071899522,0.0805918460833152,0.231234630736044,10,8,0,"noise",5,"Ridge"
0.0566778588524748,0.0453542214427744,0.22259423329624,10,8,0,"noise",6,"Ridge"
0.128257223020066,0.102319810181465,0.235689434117301,10,8,0,"noise",7,"Ridge"
0.0721257648931325,0.0585017039763425,0.223779235231795,10,8,0,"noise",8,"Ridge"
0.0976074686276249,0.0811674394893337,0.229166239873081,10,8,0,"noise",9,"Ridge"
0.133214112907344,0.110341552135035,0.237892923440393,10,8,0,"noise",10,"Ridge"
0.0555283439219297,0.0447959775398332,0.234951512386035,10,8,0,"halfnoise",1,"Ridge"
0.0487426838360582,0.0390117343813135,0.232596958943229,10,8,0,"halfnoise",2,"Ridge"
0.0662487151930345,0.0532673917542928,0.236454671060138,10,8,0,"halfnoise",3,"Ridge"
0.0640238686315774,0.0520812847815665,0.233685193535944,10,8,0,"halfnoise",4,"Ridge"
0.0816587776637377,0.0650837716951323,0.238268747723182,10,8,0,"halfnoise",5,"Ridge"
0.123455594207037,0.0997666887611612,0.245572766603547,10,8,0,"halfnoise",6,"Ridge"
0.103424377681746,0.0847705381532243,0.241471001857814,10,8,0,"halfnoise",7,"Ridge"
0.127957650975716,0.103229624062201,0.245748361302634,10,8,0,"halfnoise",8,"Ridge"
0.101784998047325,0.0811982540407705,0.238381129435588,10,8,0,"halfnoise",9,"Ridge"
0.146579968291813,0.12020156201225,0.250083435285184,10,8,0,"halfnoise",10,"Ridge"
0.0867766121136339,0.0557263124424851,0.118940184966308,10,8,0.5,"equal",1,"Ridge"
0.0453094183939015,0.0289544364245757,0.11670189333143,10,8,0.5,"equal",2,"Ridge"
0.0625263483478567,0.0509654821712143,0.118773405387708,10,8,0.5,"equal",3,"Ridge"
0.075547601676831,0.0584212118016727,0.121394709237157,10,8,0.5,"equal",4,"Ridge"
0.0434557567508921,0.0329707845974934,0.11661501525922,10,8,0.5,"equal",5,"Ridge"
0.0612274348050016,0.049448605779824,0.117641532872664,10,8,0.5,"equal",6,"Ridge"
0.0874746691484499,0.0763605991090527,0.120827832870084,10,8,0.5,"equal",7,"Ridge"
0.0480484888142863,0.0315501405540066,0.118607704909561,10,8,0.5,"equal",8,"Ridge"
0.0619876089075545,0.041366765053902,0.119470269486875,10,8,0.5,"equal",9,"Ridge"
0.10353779790262,0.0708790900370461,0.127229955067776,10,8,0.5,"equal",10,"Ridge"
0.0723149038211116,0.0584787345136899,0.160963531693705,10,8,0.5,"strong",1,"Ridge"
0.0566175373430491,0.0430899395367549,0.158703847138116,10,8,0.5,"strong",2,"Ridge"
0.0753991923500598,0.0563277826638453,0.165618471631745,10,8,0.5,"strong",3,"Ridge"
0.103364562343196,0.0776987760073553,0.166126815660563,10,8,0.5,"strong",4,"Ridge"
0.075810162106421,0.0594653239485339,0.162387023568391,10,8,0.5,"strong",5,"Ridge"
0.11641593287565,0.0846919538304698,0.166976298646224,10,8,0.5,"strong",6,"Ridge"
0.106741061125837,0.0875782650230308,0.170257525905743,10,8,0.5,"strong",7,"Ridge"
0.113463350024641,0.0889619629414608,0.169635821362413,10,8,0.5,"strong",8,"Ridge"
0.0835408559701745,0.0616555170115914,0.16488777065122,10,8,0.5,"strong",9,"Ridge"
0.110729967091308,0.0979051848784119,0.168718560941222,10,8,0.5,"strong",10,"Ridge"
0.0870549491140293,0.0751837234154563,0.178356933142651,10,8,0.5,"noise",1,"Ridge"
0.0718209676344514,0.0618756943460059,0.174016166461582,10,8,0.5,"noise",2,"Ridge"
0.0536105009222083,0.042972775562181,0.176971887354633,10,8,0.5,"noise",3,"Ridge"
0.0645746923639694,0.0528985492202259,0.175102547962472,10,8,0.5,"noise",4,"Ridge"
0.0611249514663943,0.0485215683146005,0.174109406307358,10,8,0.5,"noise",5,"Ridge"
0.13946381238039,0.113588582993909,0.190067850065787,10,8,0.5,"noise",6,"Ridge"
0.0866266575711668,0.0768382704633881,0.1804863535915,10,8,0.5,"noise",7,"Ridge"
0.0535012595773575,0.0414874035098215,0.174641029850036,10,8,0.5,"noise",8,"Ridge"
0.0614458212140936,0.0476910105524792,0.173896556422781,10,8,0.5,"noise",9,"Ridge"
0.0564163643332878,0.0426254462790731,0.176413802055819,10,8,0.5,"noise",10,"Ridge"
0.0771296965277711,0.0617065488834605,0.216501289405636,10,8,0.5,"halfnoise",1,"Ridge"
0.062889192410967,0.0498587183598364,0.215172802646118,10,8,0.5,"halfnoise",2,"Ridge"
0.0608622283578108,0.0499071902275118,0.211548233133341,10,8,0.5,"halfnoise",3,"Ridge"
0.060982757521368,0.0487722801758742,0.214319634954725,10,8,0.5,"halfnoise",4,"Ridge"
0.0579881367568878,0.04636514320781,0.210963653422504,10,8,0.5,"halfnoise",5,"Ridge"
0.0553983692840573,0.0436904290547795,0.212913128034282,10,8,0.5,"halfnoise",6,"Ridge"
0.0722755337237282,0.058219095659752,0.214627776614358,10,8,0.5,"halfnoise",7,"Ridge"
0.153441870802538,0.129784128196039,0.23317288797331,10,8,0.5,"halfnoise",8,"Ridge"
0.0781861935377547,0.0637019182716733,0.215807438722138,10,8,0.5,"halfnoise",9,"Ridge"
0.0984137758018562,0.0813345289088694,0.219635438947393,10,8,0.5,"halfnoise",10,"Ridge"
0.096846719145737,0.0773503154490201,0.172960392368423,10,12,0,"equal",1,"Ridge"
0.110327213759332,0.0855027799306044,0.177737352149014,10,12,0,"equal",2,"Ridge"
0.0938128746722679,0.0760612060600485,0.173464808545253,10,12,0,"equal",3,"Ridge"
0.122889038186157,0.0906772195807702,0.180356295403329,10,12,0,"equal",4,"Ridge"
0.121941468738943,0.0924767207113382,0.178828709518757,10,12,0,"equal",5,"Ridge"
0.096055463794471,0.0708415048710357,0.17271076803694,10,12,0,"equal",6,"Ridge"
0.128364816336869,0.0949628989762991,0.181815122971766,10,12,0,"equal",7,"Ridge"
0.0656686790772672,0.0484553394903568,0.168119371772333,10,12,0,"equal",8,"Ridge"
0.103279596216467,0.0761403045417583,0.178479719857576,10,12,0,"equal",9,"Ridge"
0.0862019260371129,0.0710113127149006,0.171311641896455,10,12,0,"equal",10,"Ridge"
0.0714143951453872,0.0557616686277775,0.198838669843052,10,12,0,"strong",1,"Ridge"
0.0783159084745259,0.0633338987407126,0.202706072260144,10,12,0,"strong",2,"Ridge"
0.0734726204120143,0.0580703751630986,0.200475806162884,10,12,0,"strong",3,"Ridge"
0.133768833047037,0.105842643219309,0.209432862232674,10,12,0,"strong",4,"Ridge"
0.101393331653312,0.0797989393948348,0.202643288926229,10,12,0,"strong",5,"Ridge"
0.128476354488366,0.10522886807809,0.210796444565927,10,12,0,"strong",6,"Ridge"
0.127039004610729,0.105424111107974,0.210805100939199,10,12,0,"strong",7,"Ridge"
0.113426667916686,0.0880293241039099,0.203712465516061,10,12,0,"strong",8,"Ridge"
0.0837844948818611,0.0676838903433063,0.200367702966554,10,12,0,"strong",9,"Ridge"
0.0912279799121565,0.0758066852848659,0.204919188469408,10,12,0,"strong",10,"Ridge"
0.0901504396063194,0.070944982803812,0.216805302785606,10,12,0,"noise",1,"Ridge"
0.0991711577040055,0.0779199235827681,0.215146292836285,10,12,0,"noise",2,"Ridge"
0.0947734345794385,0.0751791168789279,0.219400927714333,10,12,0,"noise",3,"Ridge"
0.110592422962296,0.091835855132591,0.2200430450908,10,12,0,"noise",4,"Ridge"
0.0953472021563879,0.074772943234888,0.215737799141887,10,12,0,"noise",5,"Ridge"
0.16283586696357,0.137131835905765,0.233967942379088,10,12,0,"noise",6,"Ridge"
0.101473475475554,0.0807157158502474,0.217619197685497,10,12,0,"noise",7,"Ridge"
0.10984504350821,0.092454460896038,0.220424361476567,10,12,0,"noise",8,"Ridge"
0.0835475894942974,0.065846899985309,0.211840741509951,10,12,0,"noise",9,"Ridge"
0.10915253157342,0.0890062492930115,0.217656349882798,10,12,0,"noise",10,"Ridge"
0.0988385011362095,0.0786971555363551,0.230673852822783,10,12,0,"halfnoise",1,"Ridge"
0.120834807963262,0.0970852737674936,0.237218984867106,10,12,0,"halfnoise",2,"Ridge"
0.0930357678803198,0.0739322501713261,0.231945011952941,10,12,0,"halfnoise",3,"Ridge"
0.0992558769379834,0.082000838093304,0.233825220014904,10,12,0,"halfnoise",4,"Ridge"
0.0853202814910433,0.0703227316455956,0.230798116015282,10,12,0,"halfnoise",5,"Ridge"
0.0798118441497785,0.064902288538535,0.227477357735708,10,12,0,"halfnoise",6,"Ridge"
0.0920792620260971,0.0729985885382707,0.229986068052313,10,12,0,"halfnoise",7,"Ridge"
0.0868053186608065,0.0707813806585854,0.229033546127807,10,12,0,"halfnoise",8,"Ridge"
0.0824890913110158,0.0661297413364226,0.229374058469983,10,12,0,"halfnoise",9,"Ridge"
0.115829410625019,0.0963091795238234,0.236487697044332,10,12,0,"halfnoise",10,"Ridge"
0.0599981113937983,0.0382248331721738,0.0875021725764916,10,12,0.5,"equal",1,"Ridge"
0.0566294103791396,0.0370917670754764,0.0870400911192349,10,12,0.5,"equal",2,"Ridge"
0.0775547205831812,0.0485667698481308,0.0890628896892672,10,12,0.5,"equal",3,"Ridge"
0.0648968701390183,0.0434862617056332,0.0887646018094983,10,12,0.5,"equal",4,"Ridge"
0.0690615654881681,0.0451673424225816,0.0905803892769599,10,12,0.5,"equal",5,"Ridge"
0.0787509310695244,0.0501909529819609,0.0878814693448205,10,12,0.5,"equal",6,"Ridge"
0.0902536546620984,0.0633989318329734,0.0940297894255896,10,12,0.5,"equal",7,"Ridge"
0.0591127092768204,0.0404198469610968,0.0889689137415901,10,12,0.5,"equal",8,"Ridge"
0.0694124864169775,0.0485272577685803,0.0886533669496547,10,12,0.5,"equal",9,"Ridge"
0.0769451308522267,0.0487711114477974,0.0859210459073351,10,12,0.5,"equal",10,"Ridge"
0.0888518725758854,0.0610469166823877,0.139217552274835,10,12,0.5,"strong",1,"Ridge"
0.0879567355866438,0.0672101922801469,0.141160733463367,10,12,0.5,"strong",2,"Ridge"
0.0636702115793582,0.0448522042426159,0.13710626927137,10,12,0.5,"strong",3,"Ridge"
0.0803218913773267,0.0644250281788279,0.143299475932176,10,12,0.5,"strong",4,"Ridge"
0.0692276068887541,0.0482957852673552,0.143143509937651,10,12,0.5,"strong",5,"Ridge"
0.0456475726510586,0.0311481646167132,0.138553849364966,10,12,0.5,"strong",6,"Ridge"
0.0961381163972894,0.0811174506671516,0.143330684969072,10,12,0.5,"strong",7,"Ridge"
0.0762875968381719,0.0519184709579257,0.141463813769892,10,12,0.5,"strong",8,"Ridge"
0.078374024342805,0.0575445736212271,0.14240804398983,10,12,0.5,"strong",9,"Ridge"
0.0915897294620979,0.072404576250734,0.142438253515359,10,12,0.5,"strong",10,"Ridge"
0.0539536980282705,0.036825453760059,0.136068619827189,10,12,0.5,"noise",1,"Ridge"
0.0649995629379471,0.0552543405563333,0.13706662708244,10,12,0.5,"noise",2,"Ridge"
0.0721873733258943,0.0573978490287991,0.137235135007162,10,12,0.5,"noise",3,"Ridge"
0.0731896035605448,0.052216151613483,0.141678644316634,10,12,0.5,"noise",4,"Ridge"
0.0758384909151062,0.0515137091240723,0.13528412725385,10,12,0.5,"noise",5,"Ridge"
0.0579415380975971,0.039468500743188,0.136034539363677,10,12,0.5,"noise",6,"Ridge"
0.0832083087441489,0.0710545134065204,0.139607067871027,10,12,0.5,"noise",7,"Ridge"
0.0678335713017719,0.0558325634260907,0.141371490805528,10,12,0.5,"noise",8,"Ridge"
0.075182417828541,0.056887537776612,0.139481727785353,10,12,0.5,"noise",9,"Ridge"
0.0548490060369699,0.0376693565176475,0.139774508517152,10,12,0.5,"noise",10,"Ridge"
0.0596572010810799,0.0452074675293687,0.187766943010289,10,12,0.5,"halfnoise",1,"Ridge"
0.0631472783272122,0.0492492208400594,0.186988025384816,10,12,0.5,"halfnoise",2,"Ridge"
0.0774511252886374,0.0627579307354691,0.18905050057911,10,12,0.5,"halfnoise",3,"Ridge"
0.0851021938972737,0.0715019778370462,0.190986443091213,10,12,0.5,"halfnoise",4,"Ridge"
0.0648052580022566,0.0505840862843924,0.187464528821832,10,12,0.5,"halfnoise",5,"Ridge"
0.0446809946845405,0.0341327632396058,0.184457511697154,10,12,0.5,"halfnoise",6,"Ridge"
0.0820348272005344,0.0670362534395783,0.190246012786293,10,12,0.5,"halfnoise",7,"Ridge"
0.0948829665209473,0.0810985389389758,0.192063110841954,10,12,0.5,"halfnoise",8,"Ridge"
0.0566134713916019,0.0430140252909573,0.182654494509235,10,12,0.5,"halfnoise",9,"Ridge"
0.0944351377453199,0.082387429084266,0.19171182832485,10,12,0.5,"halfnoise",10,"Ridge"
0.0445792572694492,0.0349284285078023,0.211467524386964,50,4,0,"equal",1,"Ridge"
0.047672852776097,0.0376656892734734,0.209644334430288,50,4,0,"equal",2,"Ridge"
0.0531632608960527,0.0418235661176078,0.211669819184597,50,4,0,"equal",3,"Ridge"
0.048597051895061,0.0385351223138951,0.210489603211162,50,4,0,"equal",4,"Ridge"
0.0398366475929843,0.0317223948085927,0.205817481036433,50,4,0,"equal",5,"Ridge"
0.0848359359549126,0.0665813216107518,0.212807948485262,50,4,0,"equal",6,"Ridge"
0.0398510166735731,0.0315444095106212,0.206225999933445,50,4,0,"equal",7,"Ridge"
0.039136812494584,0.0318526909517956,0.20675214831584,50,4,0,"equal",8,"Ridge"
0.0562993861663836,0.0442469816735305,0.209795130112091,50,4,0,"equal",9,"Ridge"
0.050774775969068,0.0400266298117992,0.209074794273913,50,4,0,"equal",10,"Ridge"
0.0665312230084593,0.0556346076650958,0.206979396657099,50,4,0,"strong",1,"Ridge"
0.0679164463113404,0.0531260574248197,0.205958183486901,50,4,0,"strong",2,"Ridge"
0.0460961052750252,0.0360906627427768,0.204438713240637,50,4,0,"strong",3,"Ridge"
0.0439135514548689,0.0385110932373721,0.204545403809554,50,4,0,"strong",4,"Ridge"
0.0236262155668426,0.0188959563322705,0.20414949834173,50,4,0,"strong",5,"Ridge"
0.0312885225012311,0.0244132724446361,0.203276675874947,50,4,0,"strong",6,"Ridge"
0.0337974164632739,0.029489194923812,0.206831951975661,50,4,0,"strong",7,"Ridge"
0.0668135588598544,0.0529605033273695,0.204480312542277,50,4,0,"strong",8,"Ridge"
0.0435534877276886,0.0336553245101692,0.204726102950726,50,4,0,"strong",9,"Ridge"
0.0907559848361003,0.0719563268136175,0.212250459015448,50,4,0,"strong",10,"Ridge"
0.0844241106249355,0.0748605761238293,0.241377371946495,50,4,0,"noise",1,"Ridge"
0.0449541042262287,0.0358774060202715,0.238322945676419,50,4,0,"noise",2,"Ridge"
0.046958202540532,0.0379618505049738,0.238878663997713,50,4,0,"noise",3,"Ridge"
0.0498281051888066,0.0401537332244659,0.23687537134693,50,4,0,"noise",4,"Ridge"
0.0414171870246415,0.0341123495251742,0.236923514846889,50,4,0,"noise",5,"Ridge"
0.0584063664341374,0.0472335041129157,0.239917864819698,50,4,0,"noise",6,"Ridge"
0.0243125518285497,0.020094191213527,0.233198724744882,50,4,0,"noise",7,"Ridge"
0.0333506205452899,0.0271407148236589,0.237964123786808,50,4,0,"noise",8,"Ridge"
0.0605079894981612,0.0492430551124867,0.238993616010252,50,4,0,"noise",9,"Ridge"
0.05226382518006,0.0440669041484523,0.241493914840079,50,4,0,"noise",10,"Ridge"
0.0477482744824131,0.0388134375480028,0.243062763597877,50,4,0,"halfnoise",1,"Ridge"
0.0542056895768012,0.0453739144230898,0.241834849891048,50,4,0,"halfnoise",2,"Ridge"
0.0576458996701675,0.0468810029799214,0.242958294042343,50,4,0,"halfnoise",3,"Ridge"
0.0591080917816218,0.0484764480585822,0.243343489741055,50,4,0,"halfnoise",4,"Ridge"
0.0647418984518174,0.0522726890266782,0.243872771144252,50,4,0,"halfnoise",5,"Ridge"
0.0361178944655803,0.0292604417271096,0.240354842064176,50,4,0,"halfnoise",6,"Ridge"
0.0333989115835869,0.0270766604798814,0.240460147779671,50,4,0,"halfnoise",7,"Ridge"
0.0460624213455999,0.0369728492284946,0.243909709404358,50,4,0,"halfnoise",8,"Ridge"
0.0643699227245081,0.0514144971287523,0.244341971286126,50,4,0,"halfnoise",9,"Ridge"
0.061731209320564,0.0510398582941538,0.244411243218468,50,4,0,"halfnoise",10,"Ridge"
0.025188825234924,0.0202056207783726,0.176550379845841,50,4,0.5,"equal",1,"Ridge"
0.0403447043812372,0.0334490995004591,0.174663416155739,50,4,0.5,"equal",2,"Ridge"
0.0211381238615228,0.0162581778686734,0.175153119735055,50,4,0.5,"equal",3,"Ridge"
0.03285482739094,0.0263999515888328,0.171829606982185,50,4,0.5,"equal",4,"Ridge"
0.0344742111423404,0.0281230244710924,0.17091760367738,50,4,0.5,"equal",5,"Ridge"
0.0441315056008467,0.0370925511752262,0.174012397259217,50,4,0.5,"equal",6,"Ridge"
0.0554535570998691,0.0465548181427852,0.173839933345389,50,4,0.5,"equal",7,"Ridge"
0.0439617946668917,0.0345527833919025,0.172000648948398,50,4,0.5,"equal",8,"Ridge"
0.0379195201499291,0.0281383429005162,0.171105187189607,50,4,0.5,"equal",9,"Ridge"
0.0368939171875045,0.0300317569199878,0.169840064284888,50,4,0.5,"equal",10,"Ridge"
0.0261645281384085,0.0203415048888632,0.189044980201358,50,4,0.5,"strong",1,"Ridge"
0.0465617710057084,0.0372103454026048,0.18836778787548,50,4,0.5,"strong",2,"Ridge"
0.0467211675248035,0.0384010882124581,0.187934284500778,50,4,0.5,"strong",3,"Ridge"
0.0468509707933162,0.0382931878260905,0.185454868235136,50,4,0.5,"strong",4,"Ridge"
0.0343983700043647,0.026831610934214,0.185837099227248,50,4,0.5,"strong",5,"Ridge"
0.045082056362214,0.040116606913943,0.18455244387959,50,4,0.5,"strong",6,"Ridge"
0.0636383478394277,0.0568669465057803,0.189306888860327,50,4,0.5,"strong",7,"Ridge"
0.028704480099725,0.0218385671690528,0.183776489190546,50,4,0.5,"strong",8,"Ridge"
0.0509682468576816,0.0406483404941605,0.186503555360162,50,4,0.5,"strong",9,"Ridge"
0.0773497037576752,0.059845870117387,0.189068320101147,50,4,0.5,"strong",10,"Ridge"
0.0503368176026658,0.0421709115788593,0.223976227748047,50,4,0.5,"noise",1,"Ridge"
0.0559799942634435,0.0465473652037744,0.226137581188801,50,4,0.5,"noise",2,"Ridge"
0.0433794782059918,0.035555362020864,0.224679450486446,50,4,0.5,"noise",3,"Ridge"
0.067848720692923,0.0539281003734577,0.226482915538698,50,4,0.5,"noise",4,"Ridge"
0.053652280792129,0.0443285049531679,0.227188645167595,50,4,0.5,"noise",5,"Ridge"
0.0367338017689063,0.0305673695149303,0.224449379009901,50,4,0.5,"noise",6,"Ridge"
0.0488244986294642,0.0403381433494321,0.227375717368098,50,4,0.5,"noise",7,"Ridge"
0.0186181826054156,0.0172638032967849,0.221716376826838,50,4,0.5,"noise",8,"Ridge"
0.0679821886351473,0.0564863213616939,0.225894049774435,50,4,0.5,"noise",9,"Ridge"
0.0471895814520025,0.0390154714578704,0.224907023899767,50,4,0.5,"noise",10,"Ridge"
0.0392734921862362,0.0322872367219821,0.23749462526089,50,4,0.5,"halfnoise",1,"Ridge"
0.041143331318063,0.0333196233627958,0.236346313578472,50,4,0.5,"halfnoise",2,"Ridge"
0.032900917109453,0.0262573236022574,0.235979973959025,50,4,0.5,"halfnoise",3,"Ridge"
0.0531716557832863,0.0433086846272925,0.238121526400807,50,4,0.5,"halfnoise",4,"Ridge"
0.0363289866489882,0.0292066718324315,0.238270299164884,50,4,0.5,"halfnoise",5,"Ridge"
0.0357199580730466,0.0292414341766864,0.236398044470971,50,4,0.5,"halfnoise",6,"Ridge"
0.0394895817240468,0.0347926730841458,0.236826103214915,50,4,0.5,"halfnoise",7,"Ridge"
0.0711662492124262,0.0584330725662738,0.239067996614096,50,4,0.5,"halfnoise",8,"Ridge"
0.039209662899461,0.0313542981887098,0.235190998564348,50,4,0.5,"halfnoise",9,"Ridge"
0.0305306276684051,0.0246761069948007,0.235058253516045,50,4,0.5,"halfnoise",10,"Ridge"
0.0575351664452074,0.0454517174712004,0.185338892902383,50,8,0,"equal",1,"Ridge"
0.0518454949796468,0.041813020472787,0.183714489988831,50,8,0,"equal",2,"Ridge"
0.0390266280936148,0.0301301477539744,0.182299454211731,50,8,0,"equal",3,"Ridge"
0.0377883416931909,0.0293328970044394,0.182998265818113,50,8,0,"equal",4,"Ridge"
0.0285008872309061,0.0238718190346916,0.18321944213329,50,8,0,"equal",5,"Ridge"
0.0547964531362671,0.0432778056166769,0.186718050985468,50,8,0,"equal",6,"Ridge"
0.0334247727105278,0.0251928887081204,0.184939818195864,50,8,0,"equal",7,"Ridge"
0.0457758160543773,0.0352315651901424,0.180848442333256,50,8,0,"equal",8,"Ridge"
0.030911714616337,0.0248681541038011,0.183159169735859,50,8,0,"equal",9,"Ridge"
0.048637129046535,0.0406829873095654,0.183081268558372,50,8,0,"equal",10,"Ridge"
0.0538167246203059,0.0459126487977207,0.200241351763885,50,8,0,"strong",1,"Ridge"
0.0633210152803109,0.0501436698390226,0.204938353102436,50,8,0,"strong",2,"Ridge"
0.0429121414042035,0.0348643236188304,0.199701493639043,50,8,0,"strong",3,"Ridge"
0.0398968767134968,0.0311226889067798,0.198571813749821,50,8,0,"strong",4,"Ridge"
0.0455435202492133,0.0354008354186289,0.199131699287239,50,8,0,"strong",5,"Ridge"
0.031558806725122,0.0255655736326772,0.202985390864426,50,8,0,"strong",6,"Ridge"
0.0318513628673881,0.0270424188147533,0.197223580652913,50,8,0,"strong",7,"Ridge"
0.0643121334821894,0.0507580536108296,0.205379408922038,50,8,0,"strong",8,"Ridge"
0.0692553474594324,0.0551407361710729,0.201444905790084,50,8,0,"strong",9,"Ridge"
0.0422391730312405,0.0326832000270119,0.205609761485351,50,8,0,"strong",10,"Ridge"
0.0570026833433098,0.0452527017329931,0.221539371040285,50,8,0,"noise",1,"Ridge"
0.0364822384181492,0.0288882604232441,0.223805830551527,50,8,0,"noise",2,"Ridge"
0.0555767504007531,0.0439520266801914,0.224144320895901,50,8,0,"noise",3,"Ridge"
0.033034856714141,0.027622782788978,0.219675873234147,50,8,0,"noise",4,"Ridge"
0.0477855343217242,0.0384829550390351,0.220424397524557,50,8,0,"noise",5,"Ridge"
0.0434111850473893,0.0343055855839152,0.220038681619909,50,8,0,"noise",6,"Ridge"
0.0578093919063876,0.0457996278546846,0.22299156712958,50,8,0,"noise",7,"Ridge"
0.060392377933916,0.0489917012984395,0.223300811848329,50,8,0,"noise",8,"Ridge"
0.0330256845919759,0.0263048935740604,0.220823228930894,50,8,0,"noise",9,"Ridge"
0.0352477139545332,0.0278325788891944,0.220940334776906,50,8,0,"noise",10,"Ridge"
0.0613433971145725,0.0501408333397256,0.235730443591997,50,8,0,"halfnoise",1,"Ridge"
0.0403077888406396,0.0320338558889885,0.22984195554682,50,8,0,"halfnoise",2,"Ridge"
0.0400051980302605,0.0317608653555686,0.232665710110573,50,8,0,"halfnoise",3,"Ridge"
0.0516076570240945,0.0409863880069489,0.235729111010813,50,8,0,"halfnoise",4,"Ridge"
0.0696927340301124,0.0573567631837345,0.235765560035442,50,8,0,"halfnoise",5,"Ridge"
0.0439635967158696,0.0352724980564718,0.230088156832371,50,8,0,"halfnoise",6,"Ridge"
0.0717460779197183,0.0572575668119196,0.234022728355193,50,8,0,"halfnoise",7,"Ridge"
0.0252415507011941,0.0203374721032483,0.232031036061555,50,8,0,"halfnoise",8,"Ridge"
0.05567930696087,0.0442128187287728,0.234690056738798,50,8,0,"halfnoise",9,"Ridge"
0.0300772420493408,0.0244740294163675,0.230139603384142,50,8,0,"halfnoise",10,"Ridge"
0.0369935056990904,0.026728420724943,0.115837871567557,50,8,0.5,"equal",1,"Ridge"
0.0437704429038111,0.0336677344927597,0.11607675099781,50,8,0.5,"equal",2,"Ridge"
0.0435444877979281,0.0346990326118281,0.115789331240406,50,8,0.5,"equal",3,"Ridge"
0.0368041878494211,0.0272836090922602,0.119240533311721,50,8,0.5,"equal",4,"Ridge"
0.0349362230236727,0.026188107881324,0.115538568382086,50,8,0.5,"equal",5,"Ridge"
0.0377536376078335,0.0248653611634889,0.119806501094838,50,8,0.5,"equal",6,"Ridge"
0.0519273590640865,0.0416468107305139,0.117274583838781,50,8,0.5,"equal",7,"Ridge"
0.0293210335378107,0.0214036172996658,0.119355360073387,50,8,0.5,"equal",8,"Ridge"
0.0389835375733531,0.0290533105335049,0.116769131392908,50,8,0.5,"equal",9,"Ridge"
0.0550847623947732,0.0449664167052749,0.120923706774314,50,8,0.5,"equal",10,"Ridge"
0.0413860274985468,0.033531129059092,0.156832672294499,50,8,0.5,"strong",1,"Ridge"
0.0438906696282583,0.0354151211840728,0.160905656750159,50,8,0.5,"strong",2,"Ridge"
0.0398723396236489,0.0297674536446363,0.160451698109934,50,8,0.5,"strong",3,"Ridge"
0.0378319443403132,0.0283825788796278,0.160726384540487,50,8,0.5,"strong",4,"Ridge"
0.0533191060831535,0.0397464437440823,0.160260865296653,50,8,0.5,"strong",5,"Ridge"
0.0481121355256272,0.0354616779528227,0.159900247447541,50,8,0.5,"strong",6,"Ridge"
0.0449686650064783,0.034806414961146,0.157491912926715,50,8,0.5,"strong",7,"Ridge"
0.058493140373643,0.0421754004773282,0.164806213355433,50,8,0.5,"strong",8,"Ridge"
0.0300226947456898,0.02296467737841,0.157995262678316,50,8,0.5,"strong",9,"Ridge"
0.0221836431377175,0.0174570988294275,0.155638203500993,50,8,0.5,"strong",10,"Ridge"
0.0413867378958182,0.0314887367352116,0.174503027183561,50,8,0.5,"noise",1,"Ridge"
0.030523232961135,0.0235473626113354,0.171373175596718,50,8,0.5,"noise",2,"Ridge"
0.0536646518751753,0.0423913465191646,0.176488144976252,50,8,0.5,"noise",3,"Ridge"
0.0393932516269276,0.0307925041034945,0.172854801030916,50,8,0.5,"noise",4,"Ridge"
0.0424805823479757,0.0318369441840171,0.177971137863645,50,8,0.5,"noise",5,"Ridge"
0.0360418214902041,0.0304791732992295,0.172437891108619,50,8,0.5,"noise",6,"Ridge"
0.020990031611919,0.016280139522687,0.171877966443458,50,8,0.5,"noise",7,"Ridge"
0.0449004418400976,0.0377102789385489,0.174811860083444,50,8,0.5,"noise",8,"Ridge"
0.0387732503672218,0.0292081282697772,0.171813652451899,50,8,0.5,"noise",9,"Ridge"
0.0367924576150864,0.0296943704494495,0.174067794909159,50,8,0.5,"noise",10,"Ridge"
0.0488186941591126,0.0382326028128849,0.216604659027558,50,8,0.5,"halfnoise",1,"Ridge"
0.0310842293678045,0.0244278178864848,0.210506267921166,50,8,0.5,"halfnoise",2,"Ridge"
0.0558206671384911,0.0437997393824835,0.214905720955961,50,8,0.5,"halfnoise",3,"Ridge"
0.05095185797429,0.0409558352769923,0.21056106414061,50,8,0.5,"halfnoise",4,"Ridge"
0.0335026729152942,0.0263657039188915,0.211609873373094,50,8,0.5,"halfnoise",5,"Ridge"
0.0482576860786319,0.0390939651987506,0.212997082518807,50,8,0.5,"halfnoise",6,"Ridge"
0.0342005877356831,0.0269849089685746,0.210710505962181,50,8,0.5,"halfnoise",7,"Ridge"
0.0264812973593153,0.0206407261347086,0.212218243563084,50,8,0.5,"halfnoise",8,"Ridge"
0.0489219816383703,0.039295443064869,0.21131335667897,50,8,0.5,"halfnoise",9,"Ridge"
0.036023816117319,0.0286047810743198,0.208057022492764,50,8,0.5,"halfnoise",10,"Ridge"
0.0469008097647583,0.0352474266638172,0.164913051930581,50,12,0,"equal",1,"Ridge"
0.0399583424339473,0.0307631707748645,0.165808275325555,50,12,0,"equal",2,"Ridge"
0.0435348520249531,0.0348283585439238,0.165977662435262,50,12,0,"equal",3,"Ridge"
0.0481146896651403,0.038318929422487,0.16268632818384,50,12,0,"equal",4,"Ridge"
0.0396120628649297,0.0306228426617403,0.16677159744924,50,12,0,"equal",5,"Ridge"
0.0427064916558971,0.0319664921954019,0.166944565908533,50,12,0,"equal",6,"Ridge"
0.0553762188099396,0.0450560773444811,0.165924299572306,50,12,0,"equal",7,"Ridge"
0.047704734579675,0.0379965927778523,0.16595033795083,50,12,0,"equal",8,"Ridge"
0.0687059010060398,0.0540219009923729,0.169642848569336,50,12,0,"equal",9,"Ridge"
0.0591041021119733,0.0472707211577257,0.168002426048532,50,12,0,"equal",10,"Ridge"
0.0420878745699627,0.0334991950851843,0.195092976761187,50,12,0,"strong",1,"Ridge"
0.0346518174641946,0.0271608067758313,0.195080065827769,50,12,0,"strong",2,"Ridge"
0.0418524298537599,0.0324219487652094,0.193243304117601,50,12,0,"strong",3,"Ridge"
0.0522068864470349,0.0404300313823305,0.196158890090151,50,12,0,"strong",4,"Ridge"
0.064396622653853,0.051941271879751,0.201071992221255,50,12,0,"strong",5,"Ridge"
0.0611301220157422,0.0479916939702068,0.200672942446064,50,12,0,"strong",6,"Ridge"
0.0526696879962079,0.0413952960995364,0.198014540472485,50,12,0,"strong",7,"Ridge"
0.0339878791315647,0.0266611037124721,0.196335810641495,50,12,0,"strong",8,"Ridge"
0.057087027310227,0.045923314174481,0.196338520019823,50,12,0,"strong",9,"Ridge"
0.0522139490404134,0.041227008656467,0.19510775152651,50,12,0,"strong",10,"Ridge"
0.0383247222366297,0.0315667611876359,0.209795517364114,50,12,0,"noise",1,"Ridge"
0.0292376936857933,0.022906745546543,0.211545338861758,50,12,0,"noise",2,"Ridge"
0.0652558418158629,0.0547070552643186,0.210286603091838,50,12,0,"noise",3,"Ridge"
0.052943869757409,0.0415176193714009,0.209526261380986,50,12,0,"noise",4,"Ridge"
0.0471345114713558,0.0368125859594989,0.213012602159171,50,12,0,"noise",5,"Ridge"
0.0470443123867672,0.0369799894449669,0.208994818472931,50,12,0,"noise",6,"Ridge"
0.0423997272968624,0.0335586701899865,0.211614200457127,50,12,0,"noise",7,"Ridge"
0.0523857046848294,0.0416112986877124,0.211337256452876,50,12,0,"noise",8,"Ridge"
0.0645908156567684,0.0509263456031701,0.207144465031953,50,12,0,"noise",9,"Ridge"
0.0443184327855314,0.0345436078272197,0.207376938163265,50,12,0,"noise",10,"Ridge"
0.0418428470193941,0.0333153020289687,0.224262691337524,50,12,0,"halfnoise",1,"Ridge"
0.0289398791612201,0.023197975015512,0.221712433885543,50,12,0,"halfnoise",2,"Ridge"
0.0330132981973506,0.0261567331636427,0.223261533508697,50,12,0,"halfnoise",3,"Ridge"
0.0388077361031729,0.0307266707574443,0.223077149574947,50,12,0,"halfnoise",4,"Ridge"
0.0511073395877609,0.0405563292760433,0.226396711972097,50,12,0,"halfnoise",5,"Ridge"
0.0422864070743303,0.0336923822744278,0.223629995982767,50,12,0,"halfnoise",6,"Ridge"
0.0385297141456358,0.0306364491067622,0.224130932420998,50,12,0,"halfnoise",7,"Ridge"
0.0471227992463433,0.0381458291415688,0.224219416357289,50,12,0,"halfnoise",8,"Ridge"
0.0387222983460455,0.0307885514672619,0.223026452513688,50,12,0,"halfnoise",9,"Ridge"
0.0631414657727315,0.0501659008382723,0.225775619649639,50,12,0,"halfnoise",10,"Ridge"
0.0366217787347878,0.0255995892656178,0.0860759308045465,50,12,0.5,"equal",1,"Ridge"
0.0464598782130493,0.0327400802388125,0.0866189190701111,50,12,0.5,"equal",2,"Ridge"
0.0442822363331071,0.0334273677624577,0.0858066529710552,50,12,0.5,"equal",3,"Ridge"
0.0395907026438917,0.029741995273146,0.0840866623648189,50,12,0.5,"equal",4,"Ridge"
0.0408069811193636,0.0301245860199446,0.0858143256291714,50,12,0.5,"equal",5,"Ridge"
0.0439139279180511,0.0322365701160729,0.0874532014470691,50,12,0.5,"equal",6,"Ridge"
0.0326154042287957,0.0232546844469586,0.0859815657628799,50,12,0.5,"equal",7,"Ridge"
0.0413176762626633,0.031036231144991,0.0861335673820785,50,12,0.5,"equal",8,"Ridge"
0.041448854466727,0.0330853404142517,0.0864957624429662,50,12,0.5,"equal",9,"Ridge"
0.0361549908652237,0.026230792035297,0.0841702372213644,50,12,0.5,"equal",10,"Ridge"
0.0366863972165656,0.0293187012257649,0.135927377821362,50,12,0.5,"strong",1,"Ridge"
0.0449719046173015,0.0338328613876145,0.136513519134547,50,12,0.5,"strong",2,"Ridge"
0.0457637516094056,0.0373591179697667,0.132725530420478,50,12,0.5,"strong",3,"Ridge"
0.0407783949515884,0.0301131730038128,0.132906470135164,50,12,0.5,"strong",4,"Ridge"
0.0469584921687144,0.0337700538212257,0.139993030184988,50,12,0.5,"strong",5,"Ridge"
0.0435692220858295,0.0321903120992242,0.138629013123829,50,12,0.5,"strong",6,"Ridge"
0.0441426823931149,0.0360524936244002,0.136038104294708,50,12,0.5,"strong",7,"Ridge"
0.0442939868882486,0.0309582522027979,0.140257950678844,50,12,0.5,"strong",8,"Ridge"
0.048052111900368,0.0362497464708538,0.14003071901714,50,12,0.5,"strong",9,"Ridge"
0.0439711883915457,0.0335185303294939,0.134315954065217,50,12,0.5,"strong",10,"Ridge"
0.0298958093421369,0.0209030233945783,0.141095500767826,50,12,0.5,"noise",1,"Ridge"
0.0331536850093801,0.0228135628473874,0.136178260033191,50,12,0.5,"noise",2,"Ridge"
0.040932270150485,0.0288021919212751,0.135725147175185,50,12,0.5,"noise",3,"Ridge"
0.0268156227846689,0.0198989132420515,0.134446440583857,50,12,0.5,"noise",4,"Ridge"
0.046644385067115,0.0317619934386285,0.13659095534686,50,12,0.5,"noise",5,"Ridge"
0.0408239295141291,0.0286351431673782,0.138754239285979,50,12,0.5,"noise",6,"Ridge"
0.0483589447515017,0.0345865858740748,0.134168603437542,50,12,0.5,"noise",7,"Ridge"
0.0410827342351164,0.0294073999704694,0.132388954014791,50,12,0.5,"noise",8,"Ridge"
0.0364946478789008,0.0259391682706964,0.133887396457576,50,12,0.5,"noise",9,"Ridge"
0.0445183407780309,0.0332558124562711,0.140957408199749,50,12,0.5,"noise",10,"Ridge"
0.0410089011180762,0.0321702846082878,0.185618701646212,50,12,0.5,"halfnoise",1,"Ridge"
0.0418544284321598,0.0321468538697128,0.187237056911757,50,12,0.5,"halfnoise",2,"Ridge"
0.0347918291257301,0.0268039626104268,0.185440473160499,50,12,0.5,"halfnoise",3,"Ridge"
0.0433142801443304,0.0342625450651403,0.186032381766477,50,12,0.5,"halfnoise",4,"Ridge"
0.0495989715671142,0.0387124115271703,0.188767147479946,50,12,0.5,"halfnoise",5,"Ridge"
0.036017464878353,0.027788886247809,0.186450727880891,50,12,0.5,"halfnoise",6,"Ridge"
0.0493854359223498,0.0408357779705388,0.185979903008837,50,12,0.5,"halfnoise",7,"Ridge"
0.0442760933157636,0.0335065855490098,0.187495628791682,50,12,0.5,"halfnoise",8,"Ridge"
0.0486492641797594,0.0378082966197256,0.186212216210892,50,12,0.5,"halfnoise",9,"Ridge"
0.0443515802753749,0.0347890687370517,0.187298529531211,50,12,0.5,"halfnoise",10,"Ridge"
